内容ID,平台,内容类型,内容标题,曝光量,点击量,转化量,涨粉量,情感倾向,发布日期
C0001,抖音,直播切片,无限回购的一款产品，强烈推荐 36号,107459,7954,228,9,负面,2023-04-11
C0002,抖音,图文笔记,用了一周，效果真的惊艳到我了 28号,2661,126,2,6,中性,2023-02-01
C0003,视频号,短视频,无限回购的一款产品，强烈推荐 40号,70549,1917,48,9,中性,2023-08-21
C0004,小红书,直播切片,这款新品太好用了，用完皮肤水嫩嫩 36号,67061,3986,211,10,正面,2023-02-15
C0005,小红书,图文笔记,国货之光，支持国产就是好 48号,4031,266,22,10,正面,2023-04-24
C0006,视频号,图文笔记,双十一必买清单，错过等一年 46号,75902,3238,122,11,负面,2023-08-21
C0007,小红书,图文笔记,这款新品太好用了，用完皮肤水嫩嫩 54号,270086,17649,905,9,中性,2023-09-15
C0008,抖音,直播切片,终于找到适合敏感肌的护肤品了 12号,31833,2301,142,9,正面,2023-05-12
C0009,小红书,直播切片,用了一周，效果真的惊艳到我了 26号,49525,281,1,11,负面,2023-01-02
C0010,小红书,直播切片,实测这款产品真的有效，推荐给大家 95号,2722,94,7,7,正面,2023-10-28
C0011,视频号,图文笔记,用了一周，效果真的惊艳到我了 19号,26639,482,10,8,正面,2023-06-10
C0012,小红书,短视频,终于找到适合敏感肌的护肤品了 13号,36907,1092,27,10,中性,2023-10-13
C0013,视频号,直播切片,国货之光，支持国产就是好 81号,22083,830,22,9,中性,2023-07-06
C0014,小红书,直播切片,家人们谁懂啊，这个也太好用了 65号,21260,451,9,10,中性,2023-03-02
C0015,抖音,直播切片,无限回购的一款产品，强烈推荐 92号,113739,5261,265,10,正面,2023-09-27
C0016,视频号,直播切片,国货之光，支持国产就是好 43号,68465,4257,287,7,中性,2023-10-31
C0017,视频号,直播切片,无限回购的一款产品，强烈推荐 2号,62200,1786,86,7,负面,2023-06-10
C0018,视频号,图文笔记,无限回购的一款产品，强烈推荐 17号,21916,929,43,10,正面,2023-03-20
C0019,视频号,直播切片,终于找到适合敏感肌的护肤品了 44号,1818,133,4,11,正面,2023-09-17
C0020,小红书,图文笔记,国货之光，支持国产就是好 100号,6652,568,10,13,中性,2023-07-15
C0021,小红书,图文笔记,终于找到适合敏感肌的护肤品了 83号,10817,597,39,8,正面,2023-07-09
C0022,视频号,直播切片,性价比之王，学生党闭眼入 16号,10928,436,14,4,中性,2023-02-21
C0023,小红书,图文笔记,无限回购的一款产品，强烈推荐 49号,11965,582,1,12,负面,2023-06-14
C0024,抖音,直播切片,无限回购的一款产品，强烈推荐 1号,42153,3311,141,12,中性,2023-07-23
C0025,视频号,图文笔记,双十一必买清单，错过等一年 48号,18586,863,33,12,正面,2023-01-14
C0026,抖音,图文笔记,这款新品太好用了，用完皮肤水嫩嫩 65号,39393,1509,28,10,正面,2023-07-21
C0027,视频号,图文笔记,这款新品太好用了，用完皮肤水嫩嫩 56号,57538,1978,39,13,中性,2023-09-27
C0028,小红书,图文笔记,无限回购的一款产品，强烈推荐 97号,339028,15525,494,10,中性,2023-05-14
C0029,抖音,短视频,终于找到适合敏感肌的护肤品了 47号,27829,179,7,11,负面,2023-09-29
C0030,视频号,直播切片,无限回购的一款产品，强烈推荐 22号,33586,1257,22,18,负面,2023-09-05
C0031,视频号,短视频,这款新品太好用了，用完皮肤水嫩嫩 83号,18923,464,14,10,中性,2023-11-02
C0032,视频号,短视频,双十一必买清单，错过等一年 77号,1122,51,1,8,正面,2023-11-07
C0033,抖音,短视频,性价比之王，学生党闭眼入 41号,77475,4675,109,10,正面,2023-08-14
C0034,小红书,短视频,性价比之王，学生党闭眼入 69号,67359,5240,167,8,中性,2023-05-19
C0035,小红书,直播切片,无限回购的一款产品，强烈推荐 70号,15247,539,34,12,正面,2023-06-27
C0036,视频号,直播切片,用了一周，效果真的惊艳到我了 13号,45602,3338,163,14,负面,2023-08-23
C0037,小红书,图文笔记,终于找到适合敏感肌的护肤品了 37号,28737,1076,22,12,正面,2023-03-14
C0038,抖音,直播切片,国货之光，支持国产就是好 8号,226025,13678,559,5,正面,2023-01-10
C0039,小红书,短视频,性价比之王，学生党闭眼入 67号,17251,819,48,7,正面,2023-03-28
C0040,抖音,图文笔记,熬夜党救星，再也不怕黑眼圈了 55号,3442,202,12,7,正面,2023-05-16
C0041,抖音,图文笔记,实测这款产品真的有效，推荐给大家 13号,5700,201,3,3,正面,2023-10-13
C0042,视频号,图文笔记,国货之光，支持国产就是好 82号,52041,1797,62,9,中性,2023-02-18
C0043,视频号,图文笔记,双十一必买清单，错过等一年 33号,17800,612,24,3,中性,2023-09-21
C0044,小红书,直播切片,无限回购的一款产品，强烈推荐 2号,13098,653,30,5,中性,2023-02-04
C0045,抖音,直播切片,性价比之王，学生党闭眼入 43号,19952,979,35,10,中性,2023-09-24
C0046,小红书,图文笔记,熬夜党救星，再也不怕黑眼圈了 49号,188632,7656,435,12,正面,2023-08-09
C0047,抖音,图文笔记,熬夜党救星，再也不怕黑眼圈了 36号,19253,682,0,16,正面,2023-10-10
C0048,视频号,直播切片,终于找到适合敏感肌的护肤品了 94号,29401,1661,93,8,正面,2023-12-22
C0049,抖音,直播切片,性价比之王，学生党闭眼入 37号,62924,2449,75,9,负面,2023-10-07
C0050,抖音,直播切片,熬夜党救星，再也不怕黑眼圈了 90号,1858,93,3,8,负面,2023-06-13
C0051,视频号,短视频,实测这款产品真的有效，推荐给大家 28号,16659,899,27,11,负面,2023-11-23
C0052,视频号,直播切片,家人们谁懂啊，这个也太好用了 59号,23601,208,10,5,正面,2023-10-31
C0053,小红书,直播切片,家人们谁懂啊，这个也太好用了 4号,11910,960,52,12,正面,2023-09-27
C0054,小红书,直播切片,这款新品太好用了，用完皮肤水嫩嫩 84号,255008,13170,248,9,中性,2023-09-26
C0055,抖音,图文笔记,无限回购的一款产品，强烈推荐 75号,8684,440,18,9,正面,2023-04-22
C0056,抖音,短视频,家人们谁懂啊，这个也太好用了 26号,5296,344,0,15,正面,2023-04-02
C0057,视频号,图文笔记,双十一必买清单，错过等一年 100号,2669,34,0,7,负面,2023-08-28
C0058,小红书,图文笔记,无限回购的一款产品，强烈推荐 68号,10238,446,10,10,正面,2023-12-10
C0059,小红书,图文笔记,双十一必买清单，错过等一年 31号,19571,1305,35,8,负面,2023-01-10
C0060,视频号,直播切片,用了一周，效果真的惊艳到我了 86号,14884,309,21,11,正面,2023-09-24
C0061,小红书,图文笔记,实测这款产品真的有效，推荐给大家 36号,60467,1151,33,12,正面,2023-03-03
C0062,抖音,直播切片,实测这款产品真的有效，推荐给大家 62号,8853,18,0,8,正面,2023-02-14
C0063,小红书,图文笔记,实测这款产品真的有效，推荐给大家 12号,195588,9282,88,9,正面,2023-07-02
C0064,视频号,直播切片,国货之光，支持国产就是好 7号,9092,568,22,8,中性,2023-06-15
C0065,小红书,短视频,实测这款产品真的有效，推荐给大家 87号,14691,1003,0,6,中性,2023-05-17
C0066,视频号,图文笔记,实测这款产品真的有效，推荐给大家 8号,25028,1871,57,10,负面,2023-09-28
C0067,抖音,图文笔记,熬夜党救星，再也不怕黑眼圈了 15号,20908,808,0,9,负面,2023-07-10
C0068,小红书,直播切片,这款新品太好用了，用完皮肤水嫩嫩 84号,80273,3257,131,15,中性,2023-12-18
C0069,抖音,短视频,无限回购的一款产品，强烈推荐 67号,14940,1128,36,7,中性,2023-02-17
C0070,小红书,直播切片,用了一周，效果真的惊艳到我了 2号,55659,3499,121,13,中性,2023-03-12
C0071,视频号,短视频,用了一周，效果真的惊艳到我了 33号,187332,9499,735,5,正面,2023-01-12
C0072,小红书,短视频,国货之光，支持国产就是好 20号,21545,1167,49,14,正面,2023-09-28
C0073,视频号,短视频,实测这款产品真的有效，推荐给大家 46号,24346,1476,13,5,中性,2023-05-16
C0074,小红书,图文笔记,性价比之王，学生党闭眼入 82号,72508,5586,157,7,中性,2023-09-26
C0075,抖音,图文笔记,终于找到适合敏感肌的护肤品了 84号,58080,4956,30,8,中性,2023-06-01
C0076,视频号,图文笔记,熬夜党救星，再也不怕黑眼圈了 6号,243890,16236,901,13,正面,2023-05-02
C0077,小红书,短视频,国货之光，支持国产就是好 3号,10035,646,4,12,正面,2023-07-30
C0078,视频号,图文笔记,实测这款产品真的有效，推荐给大家 98号,107481,4298,108,10,负面,2023-08-08
C0079,抖音,短视频,熬夜党救星，再也不怕黑眼圈了 69号,10294,435,24,4,正面,2023-05-01
C0080,视频号,短视频,性价比之王，学生党闭眼入 41号,11777,563,28,8,负面,2023-01-07
C0081,视频号,图文笔记,这款新品太好用了，用完皮肤水嫩嫩 59号,20090,996,8,10,负面,2023-09-27
C0082,抖音,图文笔记,熬夜党救星，再也不怕黑眼圈了 89号,19094,1177,55,13,正面,2023-06-01
C0083,视频号,图文笔记,性价比之王，学生党闭眼入 13号,16602,913,55,10,正面,2023-03-02
C0084,小红书,直播切片,性价比之王，学生党闭眼入 73号,9264,318,10,10,中性,2023-05-09
C0085,视频号,直播切片,性价比之王，学生党闭眼入 84号,11283,600,19,12,负面,2023-10-24
C0086,视频号,图文笔记,这款新品太好用了，用完皮肤水嫩嫩 77号,14213,740,20,13,中性,2023-06-05
C0087,视频号,图文笔记,用了一周，效果真的惊艳到我了 34号,5173,185,11,16,中性,2023-11-13
C0088,抖音,短视频,这款新品太好用了，用完皮肤水嫩嫩 84号,61169,1824,56,10,负面,2023-09-17
C0089,抖音,图文笔记,终于找到适合敏感肌的护肤品了 48号,74273,1224,27,2,正面,2023-02-17
C0090,小红书,直播切片,终于找到适合敏感肌的护肤品了 36号,47686,4412,223,12,负面,2023-05-26
C0091,抖音,直播切片,熬夜党救星，再也不怕黑眼圈了 9号,108348,5152,155,11,中性,2023-10-15
C0092,视频号,图文笔记,熬夜党救星，再也不怕黑眼圈了 29号,2040,114,4,2,负面,2023-01-14
C0093,视频号,短视频,无限回购的一款产品，强烈推荐 4号,10410,645,23,14,中性,2023-02-28
C0094,小红书,短视频,实测这款产品真的有效，推荐给大家 77号,191903,13574,736,10,正面,2023-04-01
C0095,视频号,直播切片,熬夜党救星，再也不怕黑眼圈了 5号,10847,794,28,11,负面,2023-02-28
C0096,抖音,短视频,实测这款产品真的有效，推荐给大家 62号,206389,4465,216,11,负面,2023-01-08
C0097,视频号,短视频,双十一必买清单，错过等一年 73号,23224,1083,64,9,正面,2023-06-02
C0098,视频号,直播切片,终于找到适合敏感肌的护肤品了 60号,28686,1715,67,14,中性,2023-04-15
C0099,小红书,图文笔记,国货之光，支持国产就是好 10号,329380,22139,451,13,负面,2023-05-31
C0100,视频号,直播切片,用了一周，效果真的惊艳到我了 44号,151289,5420,155,9,中性,2023-10-09
C0101,抖音,短视频,这款新品太好用了，用完皮肤水嫩嫩 53号,4874,270,10,12,负面,2023-01-27
C0102,视频号,直播切片,性价比之王，学生党闭眼入 4号,9472,817,49,15,正面,2023-10-06
C0103,小红书,图文笔记,终于找到适合敏感肌的护肤品了 87号,4080,315,2,10,中性,2023-10-20
C0104,小红书,图文笔记,实测这款产品真的有效，推荐给大家 26号,81916,4507,158,14,负面,2023-06-11
C0105,小红书,图文笔记,国货之光，支持国产就是好 97号,1133,66,4,9,负面,2023-07-02
C0106,抖音,直播切片,终于找到适合敏感肌的护肤品了 57号,13774,718,40,7,中性,2023-11-01
C0107,抖音,直播切片,无限回购的一款产品，强烈推荐 43号,13742,1425,47,7,中性,2023-05-28
C0108,抖音,图文笔记,国货之光，支持国产就是好 75号,17869,493,4,8,正面,2023-08-23
C0109,小红书,短视频,实测这款产品真的有效，推荐给大家 72号,145004,8880,280,9,负面,2023-07-11
C0110,小红书,直播切片,实测这款产品真的有效，推荐给大家 76号,18604,1261,29,8,负面,2023-09-19
C0111,抖音,短视频,实测这款产品真的有效，推荐给大家 33号,41295,3045,29,9,中性,2023-02-03
C0112,小红书,短视频,实测这款产品真的有效，推荐给大家 17号,114475,6449,3,8,中性,2023-10-14
C0113,抖音,图文笔记,熬夜党救星，再也不怕黑眼圈了 34号,17843,920,57,11,负面,2023-07-04
C0114,视频号,短视频,双十一必买清单，错过等一年 1号,18044,627,16,11,中性,2023-07-06
C0115,视频号,图文笔记,国货之光，支持国产就是好 96号,12549,726,28,8,正面,2023-12-25
C0116,视频号,图文笔记,熬夜党救星，再也不怕黑眼圈了 34号,156341,9842,0,8,正面,2023-09-29
C0117,小红书,图文笔记,国货之光，支持国产就是好 88号,20621,1036,37,8,负面,2023-09-21
C0118,小红书,直播切片,终于找到适合敏感肌的护肤品了 23号,5465,354,2,8,负面,2023-02-24
C0119,小红书,短视频,终于找到适合敏感肌的护肤品了 75号,3708,259,3,17,正面,2023-08-04
C0120,小红书,直播切片,国货之光，支持国产就是好 100号,35365,1779,127,6,正面,2023-05-10
C0121,小红书,图文笔记,终于找到适合敏感肌的护肤品了 66号,24461,1223,27,12,正面,2023-08-15
C0122,小红书,图文笔记,性价比之王，学生党闭眼入 24号,43759,2025,61,10,正面,2023-05-31
C0123,视频号,图文笔记,这款新品太好用了，用完皮肤水嫩嫩 40号,5339,248,6,4,负面,2023-08-19
C0124,视频号,图文笔记,国货之光，支持国产就是好 86号,5207,231,6,8,中性,2023-05-25
C0125,小红书,直播切片,双十一必买清单，错过等一年 45号,6743,491,16,12,正面,2023-12-24
C0126,小红书,直播切片,用了一周，效果真的惊艳到我了 67号,6532,398,12,10,中性,2023-04-11
C0127,抖音,图文笔记,家人们谁懂啊，这个也太好用了 17号,5260,402,21,9,中性,2023-03-30
C0128,视频号,图文笔记,双十一必买清单，错过等一年 55号,14052,134,6,6,负面,2023-12-19
C0129,小红书,图文笔记,性价比之王，学生党闭眼入 22号,3394,124,4,10,负面,2023-11-21
C0130,小红书,直播切片,熬夜党救星，再也不怕黑眼圈了 62号,6994,435,9,11,负面,2023-08-02
C0131,抖音,图文笔记,国货之光，支持国产就是好 67号,12003,670,1,14,中性,2023-07-16
C0132,抖音,短视频,终于找到适合敏感肌的护肤品了 68号,10502,952,39,12,中性,2023-06-10
C0133,抖音,直播切片,终于找到适合敏感肌的护肤品了 1号,16205,805,4,19,负面,2023-03-10
C0134,视频号,直播切片,无限回购的一款产品，强烈推荐 100号,24701,861,15,10,负面,2023-01-15
C0135,抖音,短视频,终于找到适合敏感肌的护肤品了 96号,1441676,64574,2290,9,负面,2023-12-08
C0136,小红书,短视频,这款新品太好用了，用完皮肤水嫩嫩 78号,55239,1009,31,16,中性,2023-08-01
C0137,抖音,图文笔记,这款新品太好用了，用完皮肤水嫩嫩 45号,20948,1506,0,10,中性,2023-07-07
C0138,视频号,短视频,双十一必买清单，错过等一年 34号,19881,1093,40,16,负面,2023-09-03
C0139,小红书,短视频,双十一必买清单，错过等一年 7号,102414,6310,148,8,中性,2023-12-06
C0140,小红书,图文笔记,家人们谁懂啊，这个也太好用了 60号,92451,7368,491,7,中性,2023-04-30
C0141,小红书,图文笔记,这款新品太好用了，用完皮肤水嫩嫩 60号,12937,688,29,15,中性,2023-01-09
C0142,小红书,直播切片,无限回购的一款产品，强烈推荐 38号,13628,1088,4,13,正面,2023-02-01
C0143,视频号,短视频,实测这款产品真的有效，推荐给大家 95号,32350,1090,69,7,正面,2023-11-30
C0144,小红书,直播切片,熬夜党救星，再也不怕黑眼圈了 48号,1793,13,0,17,正面,2023-11-17
C0145,抖音,直播切片,性价比之王，学生党闭眼入 16号,29665,209,5,12,中性,2023-12-30
C0146,小红书,直播切片,国货之光，支持国产就是好 74号,98178,1415,58,10,负面,2023-11-29
C0147,小红书,图文笔记,性价比之王，学生党闭眼入 4号,27791,1239,57,11,正面,2023-10-13
C0148,抖音,图文笔记,家人们谁懂啊，这个也太好用了 67号,132662,4354,253,12,正面,2023-04-28
C0149,抖音,直播切片,双十一必买清单，错过等一年 1号,31991,1223,76,10,正面,2023-06-17
C0150,小红书,直播切片,双十一必买清单，错过等一年 34号,9406,304,13,12,负面,2023-11-17
C0151,视频号,直播切片,性价比之王，学生党闭眼入 94号,286272,14359,532,6,负面,2023-03-27
C0152,抖音,图文笔记,双十一必买清单，错过等一年 16号,238286,8118,145,7,负面,2023-08-06
C0153,小红书,图文笔记,性价比之王，学生党闭眼入 58号,142132,6993,120,21,中性,2023-04-17
C0154,抖音,短视频,终于找到适合敏感肌的护肤品了 35号,6095,363,4,10,负面,2023-02-18
C0155,抖音,图文笔记,这款新品太好用了，用完皮肤水嫩嫩 19号,23562,404,7,16,中性,2023-03-10
C0156,视频号,直播切片,终于找到适合敏感肌的护肤品了 43号,52735,3506,163,10,负面,2023-06-29
C0157,视频号,图文笔记,终于找到适合敏感肌的护肤品了 20号,29855,1847,60,11,负面,2023-09-17
C0158,小红书,直播切片,国货之光，支持国产就是好 9号,160287,5338,171,12,中性,2023-12-01
C0159,小红书,图文笔记,这款新品太好用了，用完皮肤水嫩嫩 24号,33507,1590,46,11,中性,2023-09-16
C0160,抖音,直播切片,无限回购的一款产品，强烈推荐 15号,190900,10886,183,9,正面,2023-01-20
C0161,小红书,直播切片,双十一必买清单，错过等一年 87号,6273,-21,0,8,中性,2023-06-23
C0162,视频号,直播切片,无限回购的一款产品，强烈推荐 96号,39768,2174,136,10,正面,2023-09-26
C0163,抖音,图文笔记,国货之光，支持国产就是好 46号,53843,2890,91,11,正面,2023-03-18
C0164,抖音,图文笔记,家人们谁懂啊，这个也太好用了 46号,3160,87,4,11,中性,2023-02-11
C0165,视频号,图文笔记,双十一必买清单，错过等一年 73号,127963,6402,163,3,正面,2023-09-11
C0166,视频号,图文笔记,性价比之王，学生党闭眼入 13号,3850,231,12,8,正面,2023-08-04
C0167,小红书,图文笔记,熬夜党救星，再也不怕黑眼圈了 46号,19917,1183,27,4,负面,2023-09-29
C0168,抖音,图文笔记,家人们谁懂啊，这个也太好用了 19号,11105,677,13,10,中性,2023-12-21
C0169,视频号,短视频,性价比之王，学生党闭眼入 15号,23076,1468,51,8,负面,2023-02-06
C0170,抖音,短视频,家人们谁懂啊，这个也太好用了 65号,111569,7168,211,8,负面,2023-01-01
C0171,抖音,直播切片,双十一必买清单，错过等一年 23号,6832,176,7,13,中性,2023-10-27
C0172,小红书,图文笔记,实测这款产品真的有效，推荐给大家 47号,11296,621,34,5,正面,2023-05-20
C0173,视频号,短视频,性价比之王，学生党闭眼入 38号,1022,65,3,11,正面,2023-08-06
C0174,视频号,短视频,这款新品太好用了，用完皮肤水嫩嫩 35号,111762,1857,48,15,中性,2023-02-16
C0175,视频号,图文笔记,熬夜党救星，再也不怕黑眼圈了 73号,7607,340,13,11,正面,2023-09-18
C0176,抖音,图文笔记,无限回购的一款产品，强烈推荐 39号,654054,18241,545,14,负面,2023-08-22
C0177,视频号,图文笔记,终于找到适合敏感肌的护肤品了 39号,18614,797,39,14,正面,2023-05-02
C0178,抖音,图文笔记,家人们谁懂啊，这个也太好用了 55号,14217,817,18,9,中性,2023-01-21
C0179,小红书,图文笔记,实测这款产品真的有效，推荐给大家 97号,24503,1471,78,16,正面,2023-08-03
C0180,视频号,直播切片,无限回购的一款产品，强烈推荐 18号,3105,200,10,6,正面,2023-09-30
C0181,抖音,短视频,这款新品太好用了，用完皮肤水嫩嫩 48号,3665,239,15,12,正面,2023-04-04
C0182,小红书,直播切片,这款新品太好用了，用完皮肤水嫩嫩 20号,4301,240,8,11,负面,2023-11-16
C0183,小红书,图文笔记,熬夜党救星，再也不怕黑眼圈了 25号,26370,847,49,12,正面,2023-06-21
C0184,抖音,图文笔记,熬夜党救星，再也不怕黑眼圈了 80号,59585,-522,0,11,中性,2023-01-10
C0185,视频号,直播切片,家人们谁懂啊，这个也太好用了 55号,43657,2686,102,11,负面,2023-03-01
C0186,视频号,直播切片,家人们谁懂啊，这个也太好用了 36号,26154,1719,35,6,负面,2023-09-25
C0187,小红书,图文笔记,家人们谁懂啊，这个也太好用了 56号,4988,283,5,9,中性,2023-10-19
C0188,抖音,图文笔记,实测这款产品真的有效，推荐给大家 32号,36945,1929,15,11,负面,2023-07-06
C0189,小红书,直播切片,双十一必买清单，错过等一年 21号,36372,1853,79,11,正面,2023-11-28
C0190,抖音,短视频,国货之光，支持国产就是好 1号,48646,2994,108,11,正面,2023-02-21
C0191,视频号,短视频,终于找到适合敏感肌的护肤品了 97号,18069,584,27,4,中性,2023-08-16
C0192,抖音,图文笔记,终于找到适合敏感肌的护肤品了 77号,23421,2037,49,12,正面,2023-04-06
C0193,小红书,直播切片,这款新品太好用了，用完皮肤水嫩嫩 10号,13450,695,1,9,负面,2023-03-30
C0194,抖音,图文笔记,双十一必买清单，错过等一年 74号,3786,190,7,8,中性,2023-08-30
C0195,视频号,直播切片,这款新品太好用了，用完皮肤水嫩嫩 29号,107089,3426,136,11,正面,2023-01-07
C0196,小红书,短视频,国货之光，支持国产就是好 16号,6698,170,10,8,负面,2023-01-18
C0197,视频号,直播切片,实测这款产品真的有效，推荐给大家 3号,14135,387,15,8,中性,2023-05-07
C0198,视频号,短视频,国货之光，支持国产就是好 87号,66799,4110,110,8,中性,2023-06-21
C0199,抖音,短视频,实测这款产品真的有效，推荐给大家 68号,38948,2435,59,4,中性,2023-08-17
C0200,视频号,直播切片,性价比之王，学生党闭眼入 32号,53083,3110,135,10,正面,2023-02-12
C0201,小红书,直播切片,实测这款产品真的有效，推荐给大家 11号,117963,7212,406,22,中性,2023-08-11
C0202,小红书,直播切片,性价比之王，学生党闭眼入 94号,12342,579,12,15,中性,2023-06-23
C0203,视频号,短视频,国货之光，支持国产就是好 87号,6580,262,9,8,中性,2023-04-06
C0204,抖音,图文笔记,熬夜党救星，再也不怕黑眼圈了 64号,34387,2180,67,11,负面,2023-04-27
C0205,抖音,短视频,用了一周，效果真的惊艳到我了 61号,31449,1716,25,6,中性,2023-03-29
C0206,小红书,图文笔记,用了一周，效果真的惊艳到我了 88号,51249,2774,145,9,负面,2023-04-08
C0207,小红书,图文笔记,无限回购的一款产品，强烈推荐 88号,61188,4809,432,12,正面,2023-10-12
C0208,视频号,直播切片,家人们谁懂啊，这个也太好用了 52号,26995,885,28,9,负面,2023-02-09
C0209,抖音,图文笔记,终于找到适合敏感肌的护肤品了 2号,8877,535,0,10,正面,2023-09-04
C0210,视频号,短视频,双十一必买清单，错过等一年 72号,5562,308,16,11,正面,2023-07-22
C0211,视频号,图文笔记,终于找到适合敏感肌的护肤品了 93号,131126,5581,105,12,中性,2023-04-27
C0212,视频号,短视频,双十一必买清单，错过等一年 67号,44083,3635,213,14,正面,2023-01-15
C0213,视频号,直播切片,家人们谁懂啊，这个也太好用了 98号,104261,2343,73,8,中性,2023-03-11
C0214,视频号,图文笔记,终于找到适合敏感肌的护肤品了 23号,11821,349,15,10,正面,2023-05-16
C0215,小红书,图文笔记,无限回购的一款产品，强烈推荐 30号,13364,1475,41,8,负面,2023-06-17
C0216,小红书,直播切片,性价比之王，学生党闭眼入 15号,548873,19230,805,8,正面,2023-11-10
C0217,小红书,直播切片,用了一周，效果真的惊艳到我了 67号,21460,953,7,14,中性,2023-09-07
C0218,视频号,直播切片,家人们谁懂啊，这个也太好用了 84号,95327,5651,190,6,负面,2023-09-27
C0219,小红书,直播切片,家人们谁懂啊，这个也太好用了 3号,86525,4813,118,6,负面,2023-08-17
C0220,抖音,直播切片,无限回购的一款产品，强烈推荐 80号,79214,4357,48,14,负面,2023-04-15
C0221,小红书,图文笔记,实测这款产品真的有效，推荐给大家 58号,13923,781,31,7,中性,2023-03-06
C0222,视频号,短视频,双十一必买清单，错过等一年 60号,1671,129,5,7,负面,2023-08-29
C0223,抖音,图文笔记,国货之光，支持国产就是好 17号,57674,2462,159,14,正面,2023-12-05
C0224,抖音,直播切片,无限回购的一款产品，强烈推荐 93号,11917,1115,24,8,中性,2023-08-09
C0225,视频号,图文笔记,双十一必买清单，错过等一年 55号,142965,9149,370,12,正面,2023-01-19
C0226,抖音,短视频,用了一周，效果真的惊艳到我了 75号,2514,97,3,8,正面,2023-06-18
C0227,小红书,短视频,双十一必买清单，错过等一年 40号,3195,183,4,8,正面,2023-01-16
C0228,小红书,直播切片,家人们谁懂啊，这个也太好用了 15号,70131,3037,115,12,中性,2023-01-10
C0229,小红书,短视频,用了一周，效果真的惊艳到我了 88号,7472,386,15,14,正面,2023-05-07
C0230,小红书,短视频,熬夜党救星，再也不怕黑眼圈了 27号,16093,773,20,6,负面,2023-12-28
C0231,小红书,短视频,性价比之王，学生党闭眼入 86号,30705,1614,132,11,正面,2023-01-10
C0232,视频号,短视频,无限回购的一款产品，强烈推荐 97号,14792,1253,54,8,负面,2023-03-11
C0233,抖音,直播切片,实测这款产品真的有效，推荐给大家 70号,7529,422,34,9,正面,2023-03-16
C0234,视频号,直播切片,这款新品太好用了，用完皮肤水嫩嫩 2号,46216,1937,116,7,中性,2023-06-11
C0235,小红书,图文笔记,性价比之王，学生党闭眼入 22号,4170,296,13,16,中性,2023-06-13
C0236,视频号,短视频,无限回购的一款产品，强烈推荐 58号,29360,1871,60,3,正面,2023-05-01
C0237,视频号,图文笔记,双十一必买清单，错过等一年 98号,10125,471,24,9,正面,2023-05-29
C0238,抖音,直播切片,实测这款产品真的有效，推荐给大家 83号,188351,14451,319,10,负面,2023-03-31
C0239,小红书,短视频,家人们谁懂啊，这个也太好用了 57号,278118,11794,769,12,正面,2023-05-05
C0240,小红书,图文笔记,这款新品太好用了，用完皮肤水嫩嫩 48号,36220,2626,105,7,正面,2023-09-24
C0241,视频号,图文笔记,性价比之王，学生党闭眼入 41号,40314,2421,108,16,正面,2023-05-31
C0242,视频号,直播切片,这款新品太好用了，用完皮肤水嫩嫩 82号,3917,206,7,12,中性,2023-05-30
C0243,视频号,短视频,终于找到适合敏感肌的护肤品了 21号,9599,434,7,10,正面,2023-08-19
C0244,抖音,图文笔记,终于找到适合敏感肌的护肤品了 48号,48672,1718,42,17,中性,2023-11-01
C0245,小红书,短视频,无限回购的一款产品，强烈推荐 90号,108310,7211,167,9,中性,2023-06-22
C0246,视频号,图文笔记,无限回购的一款产品，强烈推荐 17号,44377,1565,44,11,负面,2023-11-17
C0247,抖音,直播切片,用了一周，效果真的惊艳到我了 90号,4660,291,14,11,负面,2023-02-22
C0248,小红书,图文笔记,国货之光，支持国产就是好 31号,785500,34074,1267,6,中性,2023-07-07
C0249,抖音,短视频,无限回购的一款产品，强烈推荐 31号,23927,1379,112,6,正面,2023-07-25
C0250,小红书,图文笔记,实测这款产品真的有效，推荐给大家 86号,2453,96,4,13,正面,2023-05-03
C0251,小红书,图文笔记,家人们谁懂啊，这个也太好用了 12号,215606,7996,96,10,正面,2023-09-21
C0252,抖音,图文笔记,性价比之王，学生党闭眼入 31号,4877,280,21,9,负面,2023-12-28
C0253,抖音,短视频,实测这款产品真的有效，推荐给大家 21号,15282,1073,23,6,中性,2023-11-18
C0254,小红书,图文笔记,这款新品太好用了，用完皮肤水嫩嫩 7号,17650,1036,51,11,正面,2023-01-31
C0255,抖音,图文笔记,用了一周，效果真的惊艳到我了 40号,3553,171,6,9,中性,2023-10-13
C0256,抖音,图文笔记,性价比之王，学生党闭眼入 29号,15899,770,9,8,中性,2023-05-14
C0257,视频号,短视频,家人们谁懂啊，这个也太好用了 18号,3060,133,6,9,正面,2023-03-16
C0258,视频号,直播切片,熬夜党救星，再也不怕黑眼圈了 53号,55172,1951,37,10,负面,2023-02-19
C0259,视频号,直播切片,熬夜党救星，再也不怕黑眼圈了 79号,2229,151,0,8,正面,2023-09-16
C0260,视频号,图文笔记,终于找到适合敏感肌的护肤品了 46号,14631,93,3,14,负面,2023-02-07
C0261,抖音,图文笔记,国货之光，支持国产就是好 1号,35014,1479,47,15,中性,2023-04-09
C0262,抖音,直播切片,实测这款产品真的有效，推荐给大家 33号,345410,19133,333,12,正面,2023-03-08
C0263,视频号,短视频,性价比之王，学生党闭眼入 8号,139738,8704,264,11,负面,2023-10-26
C0264,抖音,直播切片,性价比之王，学生党闭眼入 76号,2438,194,8,6,负面,2023-03-20
C0265,抖音,图文笔记,双十一必买清单，错过等一年 57号,7690,232,13,16,正面,2023-01-12
C0266,视频号,短视频,无限回购的一款产品，强烈推荐 12号,114448,4187,94,7,中性,2023-05-26
C0267,抖音,短视频,实测这款产品真的有效，推荐给大家 99号,22856,1371,54,8,中性,2023-10-06
C0268,视频号,短视频,家人们谁懂啊，这个也太好用了 33号,45562,-19,0,14,正面,2023-01-06
C0269,小红书,直播切片,熬夜党救星，再也不怕黑眼圈了 71号,13694,552,28,11,负面,2023-08-07
C0270,抖音,短视频,实测这款产品真的有效，推荐给大家 3号,61787,4215,207,7,负面,2023-02-01
C0271,视频号,短视频,家人们谁懂啊，这个也太好用了 66号,9156,332,3,16,正面,2023-10-28
C0272,小红书,短视频,这款新品太好用了，用完皮肤水嫩嫩 59号,14978,1144,85,12,正面,2023-05-18
C0273,视频号,图文笔记,终于找到适合敏感肌的护肤品了 69号,53208,3288,153,10,负面,2023-02-28
C0274,抖音,短视频,终于找到适合敏感肌的护肤品了 55号,52053,3116,84,15,正面,2023-02-13
C0275,视频号,图文笔记,这款新品太好用了，用完皮肤水嫩嫩 96号,52719,2469,114,15,中性,2023-06-08
C0276,小红书,图文笔记,家人们谁懂啊，这个也太好用了 96号,183563,9984,298,13,负面,2023-07-22
C0277,抖音,短视频,无限回购的一款产品，强烈推荐 54号,717095,43256,1839,12,正面,2023-02-10
C0278,抖音,图文笔记,家人们谁懂啊，这个也太好用了 98号,227721,9887,313,13,负面,2023-05-15
C0279,小红书,短视频,性价比之王，学生党闭眼入 5号,47436,1208,16,11,负面,2023-05-03
C0280,小红书,短视频,熬夜党救星，再也不怕黑眼圈了 34号,222673,11675,1066,5,正面,2023-07-25
C0281,抖音,图文笔记,熬夜党救星，再也不怕黑眼圈了 83号,7319,356,11,14,负面,2023-06-12
C0282,小红书,图文笔记,这款新品太好用了，用完皮肤水嫩嫩 7号,5251,389,13,12,负面,2023-02-21
C0283,抖音,直播切片,性价比之王，学生党闭眼入 52号,11700,811,34,3,中性,2023-01-04
C0284,抖音,短视频,这款新品太好用了，用完皮肤水嫩嫩 97号,12151,315,3,8,中性,2023-09-07
C0285,视频号,短视频,家人们谁懂啊，这个也太好用了 95号,712,24,0,8,正面,2023-06-18
C0286,小红书,直播切片,性价比之王，学生党闭眼入 79号,1093618,95716,3906,12,正面,2023-12-14
C0287,抖音,短视频,性价比之王，学生党闭眼入 57号,37082,2108,70,13,中性,2023-09-26
C0288,视频号,图文笔记,家人们谁懂啊，这个也太好用了 30号,77545,4028,178,14,负面,2023-10-06
C0289,抖音,图文笔记,熬夜党救星，再也不怕黑眼圈了 54号,3599,33,0,13,负面,2023-04-17
C0290,视频号,短视频,双十一必买清单，错过等一年 68号,5712,237,10,10,负面,2023-06-01
C0291,小红书,图文笔记,这款新品太好用了，用完皮肤水嫩嫩 89号,12996,702,34,7,正面,2023-07-07
C0292,抖音,直播切片,性价比之王，学生党闭眼入 29号,1165,63,4,11,正面,2023-03-19
C0293,视频号,图文笔记,性价比之王，学生党闭眼入 30号,5419,86,3,9,正面,2023-04-27
C0294,视频号,短视频,终于找到适合敏感肌的护肤品了 48号,5971,445,27,9,正面,2023-10-31
C0295,小红书,图文笔记,实测这款产品真的有效，推荐给大家 82号,20511,1410,72,6,正面,2023-10-22
C0296,抖音,短视频,家人们谁懂啊，这个也太好用了 58号,7750,291,18,12,正面,2023-09-20
C0297,视频号,短视频,用了一周，效果真的惊艳到我了 22号,84652,1614,37,5,中性,2023-05-12
C0298,抖音,短视频,终于找到适合敏感肌的护肤品了 86号,28644,1596,100,8,正面,2023-11-29
C0299,抖音,短视频,实测这款产品真的有效，推荐给大家 58号,4989,246,6,11,中性,2023-04-18
C0300,小红书,短视频,双十一必买清单，错过等一年 57号,49098,2719,89,18,中性,2023-10-24
C0301,小红书,直播切片,国货之光，支持国产就是好 7号,181612,10213,303,3,负面,2023-11-12
C0302,视频号,直播切片,性价比之王，学生党闭眼入 47号,31662,2139,19,8,正面,2023-03-13
C0303,抖音,图文笔记,无限回购的一款产品，强烈推荐 92号,2308,167,5,11,中性,2023-11-03
C0304,视频号,直播切片,熬夜党救星，再也不怕黑眼圈了 36号,7070,508,22,5,负面,2023-07-07
C0305,小红书,图文笔记,实测这款产品真的有效，推荐给大家 90号,13356,18,0,7,中性,2023-04-23
C0306,抖音,图文笔记,熬夜党救星，再也不怕黑眼圈了 15号,6155,327,12,16,中性,2023-04-30
C0307,视频号,直播切片,这款新品太好用了，用完皮肤水嫩嫩 65号,14314,1138,81,9,正面,2023-11-23
C0308,视频号,短视频,实测这款产品真的有效，推荐给大家 67号,2267,24,1,7,正面,2023-07-02
C0309,视频号,图文笔记,国货之光，支持国产就是好 23号,66783,1581,32,10,中性,2023-08-17
C0310,小红书,直播切片,熬夜党救星，再也不怕黑眼圈了 62号,1557,45,1,20,负面,2023-10-09
C0311,小红书,图文笔记,这款新品太好用了，用完皮肤水嫩嫩 44号,34947,947,44,13,负面,2023-02-16
C0312,视频号,短视频,国货之光，支持国产就是好 73号,18300,245,1,11,中性,2023-03-12
C0313,视频号,直播切片,实测这款产品真的有效，推荐给大家 33号,211440,10949,465,15,中性,2023-04-13
C0314,小红书,直播切片,用了一周，效果真的惊艳到我了 90号,27056,1292,52,5,负面,2023-04-22
C0315,抖音,短视频,这款新品太好用了，用完皮肤水嫩嫩 80号,8460,217,7,9,负面,2023-06-19
C0316,小红书,图文笔记,用了一周，效果真的惊艳到我了 62号,31741,1777,31,8,中性,2023-10-07
C0317,抖音,短视频,国货之光，支持国产就是好 69号,9631,413,27,9,正面,2023-11-03
C0318,视频号,短视频,家人们谁懂啊，这个也太好用了 65号,12075,661,32,8,负面,2023-11-12
C0319,视频号,图文笔记,双十一必买清单，错过等一年 46号,270131,12931,425,7,中性,2023-11-20
C0320,抖音,直播切片,家人们谁懂啊，这个也太好用了 43号,21311,1529,23,15,中性,2023-12-06
C0321,视频号,短视频,家人们谁懂啊，这个也太好用了 83号,16881,752,18,8,负面,2023-02-27
C0322,小红书,短视频,终于找到适合敏感肌的护肤品了 15号,4358,122,4,8,中性,2023-12-25
C0323,抖音,图文笔记,双十一必买清单，错过等一年 43号,462681,29647,1731,19,正面,2023-06-29
C0324,小红书,直播切片,双十一必买清单，错过等一年 25号,25689,1765,105,3,中性,2023-01-23
C0325,抖音,图文笔记,熬夜党救星，再也不怕黑眼圈了 75号,2158,64,1,11,负面,2023-12-02
C0326,抖音,短视频,这款新品太好用了，用完皮肤水嫩嫩 44号,9226,401,9,10,负面,2023-03-27
C0327,抖音,直播切片,终于找到适合敏感肌的护肤品了 45号,17517,1260,39,9,中性,2023-05-30
C0328,小红书,短视频,熬夜党救星，再也不怕黑眼圈了 14号,5135,125,3,13,中性,2023-07-31
C0329,视频号,直播切片,用了一周，效果真的惊艳到我了 88号,79638,3294,12,7,负面,2023-01-24
C0330,小红书,直播切片,双十一必买清单，错过等一年 91号,4062,139,6,15,中性,2023-02-06
C0331,小红书,直播切片,这款新品太好用了，用完皮肤水嫩嫩 92号,82986,2487,104,6,中性,2023-08-02
C0332,小红书,图文笔记,实测这款产品真的有效，推荐给大家 10号,26714,879,1,10,正面,2023-10-10
C0333,小红书,短视频,熬夜党救星，再也不怕黑眼圈了 91号,3025718,11508,272,9,负面,2023-05-14
C0334,抖音,图文笔记,无限回购的一款产品，强烈推荐 60号,47011,2877,82,5,负面,2023-12-07
C0335,抖音,短视频,用了一周，效果真的惊艳到我了 49号,6599,334,9,13,中性,2023-02-26
C0336,抖音,图文笔记,无限回购的一款产品，强烈推荐 78号,1168,39,1,10,负面,2023-08-05
C0337,抖音,图文笔记,国货之光，支持国产就是好 83号,305350,24454,668,8,负面,2023-12-27
C0338,小红书,短视频,终于找到适合敏感肌的护肤品了 15号,260910,13235,495,11,负面,2023-01-16
C0339,小红书,直播切片,无限回购的一款产品，强烈推荐 87号,32528,1353,20,8,中性,2023-05-05
C0340,抖音,图文笔记,这款新品太好用了，用完皮肤水嫩嫩 65号,197319,10089,316,5,负面,2023-07-04
C0341,视频号,短视频,性价比之王，学生党闭眼入 86号,3427,124,3,11,正面,2023-07-13
C0342,小红书,短视频,家人们谁懂啊，这个也太好用了 76号,479128,17475,911,16,中性,2023-07-18
C0343,视频号,短视频,性价比之王，学生党闭眼入 97号,6436,322,9,9,负面,2023-05-22
C0344,小红书,图文笔记,家人们谁懂啊，这个也太好用了 80号,36319,909,49,4,正面,2023-06-17
C0345,视频号,图文笔记,家人们谁懂啊，这个也太好用了 73号,173931,7223,313,4,正面,2023-05-09
C0346,小红书,直播切片,用了一周，效果真的惊艳到我了 68号,3441,131,9,8,中性,2023-01-31
C0347,抖音,图文笔记,实测这款产品真的有效，推荐给大家 53号,6678,275,7,7,正面,2023-02-07
C0348,抖音,短视频,性价比之王，学生党闭眼入 2号,85295,1868,83,17,中性,2023-10-09
C0349,小红书,图文笔记,终于找到适合敏感肌的护肤品了 61号,1948,118,4,11,正面,2023-01-25
C0350,抖音,短视频,双十一必买清单，错过等一年 41号,5804,301,0,8,正面,2023-11-10
C0351,抖音,短视频,这款新品太好用了，用完皮肤水嫩嫩 34号,910997,94921,3676,11,正面,2023-10-08
C0352,抖音,图文笔记,终于找到适合敏感肌的护肤品了 58号,4593,325,4,9,中性,2023-04-24
C0353,抖音,图文笔记,熬夜党救星，再也不怕黑眼圈了 54号,2713,106,3,13,负面,2023-01-12
C0354,小红书,图文笔记,双十一必买清单，错过等一年 31号,24454,1454,39,9,正面,2023-11-16
C0355,抖音,短视频,双十一必买清单，错过等一年 32号,14685,488,7,9,中性,2023-02-23
C0356,视频号,直播切片,终于找到适合敏感肌的护肤品了 37号,41745,4142,152,7,负面,2023-12-05
C0357,抖音,短视频,熬夜党救星，再也不怕黑眼圈了 49号,39964,2456,103,8,负面,2023-05-04
C0358,小红书,短视频,双十一必买清单，错过等一年 20号,13002,600,14,11,中性,2023-09-12
C0359,视频号,直播切片,国货之光，支持国产就是好 3号,74081,4565,137,12,中性,2023-11-05
C0360,小红书,短视频,性价比之王，学生党闭眼入 99号,13351,688,28,12,正面,2023-09-25
C0361,抖音,图文笔记,熬夜党救星，再也不怕黑眼圈了 69号,28444,1193,15,9,正面,2023-02-14
C0362,小红书,图文笔记,家人们谁懂啊，这个也太好用了 69号,10287,441,10,8,正面,2023-12-18
C0363,视频号,直播切片,这款新品太好用了，用完皮肤水嫩嫩 35号,16273,582,43,6,正面,2023-02-11
C0364,视频号,短视频,国货之光，支持国产就是好 79号,20242,1487,59,8,中性,2023-11-02
C0365,视频号,短视频,这款新品太好用了，用完皮肤水嫩嫩 82号,2564,127,1,8,中性,2023-06-29
C0366,视频号,图文笔记,终于找到适合敏感肌的护肤品了 33号,6571,229,10,10,中性,2023-10-19
C0367,小红书,直播切片,国货之光，支持国产就是好 50号,15675,713,26,8,中性,2023-02-06
C0368,抖音,直播切片,家人们谁懂啊，这个也太好用了 7号,787,35,1,15,正面,2023-04-21
C0369,抖音,短视频,实测这款产品真的有效，推荐给大家 12号,4416,351,7,11,正面,2023-09-06
C0370,视频号,短视频,终于找到适合敏感肌的护肤品了 22号,178128,11019,352,6,中性,2023-08-24
C0371,抖音,图文笔记,双十一必买清单，错过等一年 19号,9966,374,12,15,负面,2023-03-07
C0372,小红书,图文笔记,终于找到适合敏感肌的护肤品了 100号,2847,180,3,12,负面,2023-06-08
C0373,视频号,图文笔记,双十一必买清单，错过等一年 72号,6928,313,18,10,中性,2023-10-17
C0374,视频号,图文笔记,无限回购的一款产品，强烈推荐 29号,20044,1978,95,12,中性,2023-01-03
C0375,抖音,直播切片,用了一周，效果真的惊艳到我了 1号,117249,3546,223,9,正面,2023-05-14
C0376,小红书,直播切片,无限回购的一款产品，强烈推荐 59号,25521,1264,22,13,中性,2023-04-22
C0377,小红书,短视频,家人们谁懂啊，这个也太好用了 97号,37072,2222,80,10,负面,2023-09-21
C0378,小红书,直播切片,家人们谁懂啊，这个也太好用了 56号,5398,248,7,7,负面,2023-11-04
C0379,小红书,短视频,国货之光，支持国产就是好 81号,693031,37721,1642,8,正面,2023-04-04
C0380,小红书,图文笔记,用了一周，效果真的惊艳到我了 96号,6101,281,15,9,负面,2023-02-09
C0381,抖音,短视频,国货之光，支持国产就是好 89号,12284,702,36,20,正面,2023-05-12
C0382,视频号,短视频,用了一周，效果真的惊艳到我了 14号,11074,403,11,14,负面,2023-08-01
C0383,小红书,短视频,双十一必买清单，错过等一年 4号,15664,1367,130,7,正面,2023-12-14
C0384,小红书,图文笔记,用了一周，效果真的惊艳到我了 54号,8222,351,9,11,中性,2023-09-29
C0385,小红书,直播切片,无限回购的一款产品，强烈推荐 92号,50436,4958,10,7,中性,2023-10-29
C0386,视频号,图文笔记,家人们谁懂啊，这个也太好用了 62号,95923,5490,179,1,负面,2023-04-18
C0387,视频号,直播切片,用了一周，效果真的惊艳到我了 24号,4738,281,10,11,负面,2023-03-30
C0388,抖音,直播切片,国货之光，支持国产就是好 55号,12419,1035,25,8,中性,2023-05-21
C0389,小红书,直播切片,这款新品太好用了，用完皮肤水嫩嫩 60号,2847,162,9,11,正面,2023-11-04
C0390,抖音,图文笔记,性价比之王，学生党闭眼入 43号,4268,186,6,6,中性,2024-01-01
C0391,抖音,短视频,实测这款产品真的有效，推荐给大家 36号,11128,630,20,12,中性,2023-03-20
C0392,视频号,图文笔记,家人们谁懂啊，这个也太好用了 49号,50179,2258,105,11,负面,2023-01-13
C0393,小红书,短视频,双十一必买清单，错过等一年 81号,1225,41,2,11,负面,2023-06-05
C0394,小红书,短视频,用了一周，效果真的惊艳到我了 85号,6456,231,5,10,负面,2023-05-29
C0395,视频号,图文笔记,国货之光，支持国产就是好 93号,6552,521,13,10,中性,2023-03-02
C0396,抖音,图文笔记,熬夜党救星，再也不怕黑眼圈了 44号,2705,231,13,5,正面,2023-02-07
C0397,小红书,直播切片,这款新品太好用了，用完皮肤水嫩嫩 89号,9083,123,1,6,正面,2023-01-17
C0398,抖音,短视频,国货之光，支持国产就是好 55号,29892,327,4,9,中性,2023-04-20
C0399,小红书,短视频,用了一周，效果真的惊艳到我了 11号,32141,1392,23,7,中性,2023-02-04
C0400,抖音,图文笔记,性价比之王，学生党闭眼入 36号,8134,654,11,9,中性,2023-11-08
C0401,视频号,短视频,终于找到适合敏感肌的护肤品了 55号,18984,1267,54,16,中性,2023-10-17
C0402,视频号,图文笔记,无限回购的一款产品，强烈推荐 70号,7048,248,4,8,中性,2023-02-11
C0403,抖音,图文笔记,家人们谁懂啊，这个也太好用了 9号,378526,19900,717,4,负面,2023-03-26
C0404,视频号,图文笔记,用了一周，效果真的惊艳到我了 78号,996,59,3,10,中性,2023-12-26
C0405,小红书,直播切片,实测这款产品真的有效，推荐给大家 32号,33625,807,40,12,正面,2023-09-24
C0406,抖音,短视频,性价比之王，学生党闭眼入 23号,8137,246,5,11,中性,2023-07-16
C0407,抖音,短视频,用了一周，效果真的惊艳到我了 13号,7877,479,22,10,负面,2023-10-15
C0408,抖音,图文笔记,终于找到适合敏感肌的护肤品了 32号,7217,432,9,5,负面,2023-02-23
C0409,视频号,图文笔记,熬夜党救星，再也不怕黑眼圈了 54号,7980,49,1,8,正面,2023-08-09
C0410,抖音,直播切片,用了一周，效果真的惊艳到我了 83号,201474,4820,147,18,正面,2023-05-22
C0411,视频号,图文笔记,性价比之王，学生党闭眼入 66号,45336,897,12,6,中性,2023-06-09
C0412,抖音,直播切片,这款新品太好用了，用完皮肤水嫩嫩 4号,6742,377,10,2,负面,2023-03-24
C0413,视频号,短视频,熬夜党救星，再也不怕黑眼圈了 89号,54048,3365,63,13,负面,2023-02-24
C0414,小红书,短视频,无限回购的一款产品，强烈推荐 54号,7579,387,10,13,中性,2023-07-26
C0415,小红书,图文笔记,实测这款产品真的有效，推荐给大家 40号,229522,11305,675,19,负面,2023-05-26
C0416,抖音,直播切片,实测这款产品真的有效，推荐给大家 61号,48452,2313,35,13,中性,2023-06-01
C0417,视频号,短视频,这款新品太好用了，用完皮肤水嫩嫩 60号,5039,198,3,12,负面,2023-02-26
C0418,小红书,直播切片,双十一必买清单，错过等一年 58号,108384,6023,207,8,中性,2023-09-13
C0419,视频号,短视频,用了一周，效果真的惊艳到我了 60号,2874,175,5,6,中性,2023-10-28
C0420,视频号,直播切片,家人们谁懂啊，这个也太好用了 95号,19160,860,27,4,中性,2023-08-24
C0421,抖音,短视频,家人们谁懂啊，这个也太好用了 51号,17722,652,55,9,正面,2023-02-08
C0422,小红书,图文笔记,双十一必买清单，错过等一年 35号,88680,3766,149,10,中性,2023-01-08
C0423,抖音,图文笔记,无限回购的一款产品，强烈推荐 88号,367013,27055,696,13,负面,2023-05-13
C0424,视频号,短视频,性价比之王，学生党闭眼入 76号,27811,1443,66,10,负面,2023-12-06
C0425,小红书,短视频,双十一必买清单，错过等一年 14号,8233,355,8,10,中性,2023-03-28
C0426,小红书,图文笔记,熬夜党救星，再也不怕黑眼圈了 79号,64624,5335,130,8,正面,2023-05-11
C0427,视频号,图文笔记,用了一周，效果真的惊艳到我了 31号,5509,436,6,10,负面,2023-05-21
C0428,小红书,短视频,无限回购的一款产品，强烈推荐 83号,27657,1118,75,5,正面,2023-05-09
C0429,抖音,短视频,双十一必买清单，错过等一年 93号,14097,1048,25,14,正面,2023-01-26
C0430,抖音,直播切片,熬夜党救星，再也不怕黑眼圈了 75号,9744,637,8,15,负面,2023-06-29
C0431,小红书,直播切片,性价比之王，学生党闭眼入 68号,4095,289,15,13,正面,2023-08-24
C0432,抖音,图文笔记,国货之光，支持国产就是好 89号,57202,1127,55,6,正面,2023-02-06
C0433,视频号,短视频,无限回购的一款产品，强烈推荐 27号,217148,8353,311,8,中性,2023-01-22
C0434,小红书,图文笔记,实测这款产品真的有效，推荐给大家 12号,4471,340,13,9,正面,2023-08-29
C0435,小红书,图文笔记,家人们谁懂啊，这个也太好用了 8号,13097,762,48,7,正面,2023-08-01
C0436,小红书,短视频,性价比之王，学生党闭眼入 5号,2508,67,1,7,中性,2023-03-18
C0437,抖音,直播切片,无限回购的一款产品，强烈推荐 50号,130777,8943,273,9,负面,2023-04-14
C0438,抖音,图文笔记,熬夜党救星，再也不怕黑眼圈了 49号,9407,344,5,8,中性,2023-10-10
C0439,视频号,图文笔记,双十一必买清单，错过等一年 33号,35670,2008,174,5,正面,2023-11-04
C0440,小红书,图文笔记,这款新品太好用了，用完皮肤水嫩嫩 95号,127386,9596,540,8,正面,2023-10-23
C0441,视频号,图文笔记,国货之光，支持国产就是好 69号,3689,153,10,10,正面,2023-12-11
C0442,抖音,短视频,双十一必买清单，错过等一年 32号,194126,7996,256,7,正面,2023-01-21
C0443,抖音,图文笔记,无限回购的一款产品，强烈推荐 2号,12982,684,51,8,正面,2023-07-03
C0444,小红书,图文笔记,双十一必买清单，错过等一年 8号,176944,7926,142,22,负面,2023-10-14
C0445,视频号,直播切片,双十一必买清单，错过等一年 75号,41366,2256,24,6,负面,2023-04-19
C0446,视频号,短视频,双十一必买清单，错过等一年 86号,15652,921,29,15,中性,2023-06-06
C0447,抖音,图文笔记,家人们谁懂啊，这个也太好用了 22号,10518,607,22,10,中性,2023-10-17
C0448,视频号,图文笔记,无限回购的一款产品，强烈推荐 48号,7074,269,15,9,正面,2023-10-19
C0449,小红书,图文笔记,终于找到适合敏感肌的护肤品了 78号,32823,1891,78,15,负面,2023-10-18
C0450,小红书,图文笔记,国货之光，支持国产就是好 54号,268,7,0,15,负面,2023-11-25
C0451,抖音,直播切片,性价比之王，学生党闭眼入 12号,25949,1246,26,11,中性,2023-09-23
C0452,小红书,短视频,双十一必买清单，错过等一年 74号,7673,377,9,6,中性,2023-10-20
C0453,抖音,短视频,用了一周，效果真的惊艳到我了 64号,5781,395,7,9,负面,2023-10-26
C0454,抖音,图文笔记,实测这款产品真的有效，推荐给大家 85号,17903,974,66,12,正面,2023-05-17
C0455,视频号,短视频,终于找到适合敏感肌的护肤品了 74号,8947,346,7,15,负面,2023-03-10
C0456,视频号,直播切片,性价比之王，学生党闭眼入 24号,6859,552,23,5,负面,2023-09-23
C0457,小红书,短视频,国货之光，支持国产就是好 54号,111984,1925,39,4,中性,2023-02-05
C0458,视频号,短视频,性价比之王，学生党闭眼入 5号,1433,56,1,14,正面,2023-01-22
C0459,抖音,直播切片,国货之光，支持国产就是好 84号,6457,242,9,6,负面,2023-04-07
C0460,抖音,直播切片,这款新品太好用了，用完皮肤水嫩嫩 49号,5473,215,6,13,负面,2023-07-06
C0461,抖音,图文笔记,国货之光，支持国产就是好 63号,10529,553,22,9,中性,2023-08-23
C0462,小红书,短视频,无限回购的一款产品，强烈推荐 15号,4196,249,3,9,中性,2023-02-07
C0463,抖音,图文笔记,终于找到适合敏感肌的护肤品了 33号,128683,8642,319,12,负面,2023-02-03
C0464,抖音,直播切片,家人们谁懂啊，这个也太好用了 17号,496119,16528,446,7,负面,2023-07-24
C0465,视频号,图文笔记,国货之光，支持国产就是好 81号,62921,606,14,16,负面,2023-04-02
C0466,抖音,短视频,国货之光，支持国产就是好 92号,4779,220,4,14,负面,2023-12-31
C0467,小红书,短视频,双十一必买清单，错过等一年 34号,2719,157,8,6,中性,2023-11-21
C0468,视频号,直播切片,实测这款产品真的有效，推荐给大家 40号,1404289,35054,180,13,中性,2023-10-05
C0469,抖音,图文笔记,家人们谁懂啊，这个也太好用了 36号,89861,2899,199,12,正面,2023-07-24
C0470,小红书,短视频,无限回购的一款产品，强烈推荐 86号,197158,10357,350,8,中性,2023-11-10
C0471,小红书,图文笔记,无限回购的一款产品，强烈推荐 14号,13438,158,4,6,中性,2023-02-28
C0472,视频号,短视频,家人们谁懂啊，这个也太好用了 12号,19136,1218,37,9,正面,2023-02-22
C0473,小红书,直播切片,熬夜党救星，再也不怕黑眼圈了 99号,16113,1264,18,9,负面,2023-08-14
C0474,视频号,短视频,无限回购的一款产品，强烈推荐 43号,3220,234,16,9,中性,2023-02-27
C0475,小红书,图文笔记,实测这款产品真的有效，推荐给大家 32号,59482,4013,178,11,正面,2023-03-01
C0476,视频号,直播切片,终于找到适合敏感肌的护肤品了 64号,128063,5516,336,15,正面,2023-10-11
C0477,视频号,短视频,实测这款产品真的有效，推荐给大家 60号,9909,420,5,17,中性,2023-08-06
C0478,小红书,短视频,家人们谁懂啊，这个也太好用了 65号,40745,1455,59,13,中性,2023-05-07
C0479,抖音,图文笔记,性价比之王，学生党闭眼入 93号,23678,1648,43,8,负面,2023-06-07
C0480,抖音,短视频,性价比之王，学生党闭眼入 91号,3154,143,0,8,正面,2023-07-25
C0481,小红书,直播切片,性价比之王，学生党闭眼入 33号,31919,1143,29,13,负面,2023-08-08
C0482,视频号,短视频,实测这款产品真的有效，推荐给大家 36号,27936,966,19,6,负面,2023-08-08
C0483,小红书,图文笔记,性价比之王，学生党闭眼入 81号,21852,942,45,9,中性,2023-01-24
C0484,抖音,直播切片,无限回购的一款产品，强烈推荐 59号,439497,21893,997,12,正面,2023-09-17
C0485,视频号,短视频,终于找到适合敏感肌的护肤品了 16号,15954,1498,45,12,负面,2023-05-14
C0486,小红书,直播切片,实测这款产品真的有效，推荐给大家 31号,15438,768,28,7,中性,2023-03-26
C0487,视频号,图文笔记,熬夜党救星，再也不怕黑眼圈了 68号,10392,601,32,13,负面,2023-01-24
C0488,小红书,直播切片,双十一必买清单，错过等一年 79号,2068,165,7,6,负面,2023-12-10
C0489,小红书,短视频,双十一必买清单，错过等一年 39号,21220,1408,31,10,正面,2023-10-18
C0490,抖音,直播切片,用了一周，效果真的惊艳到我了 10号,40959,913,55,14,中性,2023-09-20
C0491,小红书,短视频,双十一必买清单，错过等一年 20号,383,18,0,10,中性,2023-04-28
C0492,视频号,短视频,熬夜党救星，再也不怕黑眼圈了 15号,222285,12279,348,8,中性,2023-11-07
C0493,视频号,图文笔记,终于找到适合敏感肌的护肤品了 20号,79363,2119,37,7,中性,2023-10-14
C0494,视频号,直播切片,终于找到适合敏感肌的护肤品了 88号,702000,41332,2329,5,正面,2023-11-09
C0495,抖音,图文笔记,无限回购的一款产品，强烈推荐 34号,7094,256,4,12,正面,2023-10-21
C0496,小红书,直播切片,无限回购的一款产品，强烈推荐 37号,38920,1434,42,13,中性,2023-09-11
C0497,抖音,直播切片,无限回购的一款产品，强烈推荐 66号,16250,927,30,8,中性,2023-03-28
C0498,视频号,图文笔记,这款新品太好用了，用完皮肤水嫩嫩 63号,1019,65,1,11,正面,2023-09-23
C0499,小红书,直播切片,这款新品太好用了，用完皮肤水嫩嫩 77号,769,42,2,11,中性,2023-06-25
C0500,抖音,直播切片,用了一周，效果真的惊艳到我了 9号,3221,153,0,12,负面,2023-04-11
C0501,抖音,直播切片,这款新品太好用了，用完皮肤水嫩嫩 73号,23440,730,13,10,负面,2023-08-26
C0502,抖音,短视频,国货之光，支持国产就是好 96号,7240,678,19,8,负面,2023-04-19
C0503,视频号,直播切片,性价比之王，学生党闭眼入 78号,545,21,0,10,中性,2023-09-22
C0504,抖音,直播切片,性价比之王，学生党闭眼入 31号,75995,3743,75,16,中性,2023-10-14
C0505,小红书,直播切片,国货之光，支持国产就是好 85号,105074,4902,205,8,负面,2023-03-31
C0506,视频号,直播切片,国货之光，支持国产就是好 60号,53104,2580,103,13,负面,2023-02-16
C0507,抖音,图文笔记,用了一周，效果真的惊艳到我了 7号,5559,354,4,5,负面,2023-05-25
C0508,视频号,短视频,实测这款产品真的有效，推荐给大家 50号,174725,3884,214,6,正面,2023-07-22
C0509,小红书,图文笔记,性价比之王，学生党闭眼入 44号,81993,5029,149,9,中性,2023-10-01
C0510,小红书,直播切片,性价比之王，学生党闭眼入 51号,43291,-111,0,15,负面,2023-07-11
C0511,小红书,图文笔记,国货之光，支持国产就是好 90号,28786,1480,23,15,负面,2023-07-22
C0512,视频号,直播切片,终于找到适合敏感肌的护肤品了 35号,32461,1543,63,13,正面,2023-06-30
C0513,视频号,短视频,无限回购的一款产品，强烈推荐 5号,6217,304,4,9,负面,2023-12-01
C0514,小红书,短视频,性价比之王，学生党闭眼入 82号,12715,680,24,13,中性,2023-09-24
C0515,抖音,短视频,实测这款产品真的有效，推荐给大家 60号,89031,1764,124,8,正面,2023-12-15
C0516,小红书,直播切片,性价比之王，学生党闭眼入 64号,45446,1661,49,10,正面,2023-06-07
C0517,视频号,图文笔记,用了一周，效果真的惊艳到我了 31号,616821,31622,859,9,负面,2023-06-06
C0518,视频号,短视频,双十一必买清单，错过等一年 7号,18478,917,39,11,负面,2023-10-22
C0519,视频号,直播切片,家人们谁懂啊，这个也太好用了 92号,258524,10527,66,11,中性,2023-12-01
C0520,视频号,直播切片,性价比之王，学生党闭眼入 57号,1526,83,2,12,负面,2023-11-07
C0521,视频号,直播切片,这款新品太好用了，用完皮肤水嫩嫩 59号,8350,381,17,6,负面,2023-04-09
C0522,小红书,短视频,国货之光，支持国产就是好 96号,37899,2125,115,9,负面,2023-05-20
C0523,抖音,图文笔记,熬夜党救星，再也不怕黑眼圈了 57号,3957,337,14,18,中性,2023-12-18
C0524,抖音,短视频,实测这款产品真的有效，推荐给大家 73号,108936,7264,222,9,负面,2023-01-27
C0525,视频号,图文笔记,用了一周，效果真的惊艳到我了 44号,21546,739,13,10,负面,2023-01-18
C0526,小红书,短视频,双十一必买清单，错过等一年 88号,6221,338,10,9,中性,2023-09-20
C0527,小红书,短视频,家人们谁懂啊，这个也太好用了 26号,40931,2441,26,9,中性,2023-09-09
C0528,小红书,短视频,这款新品太好用了，用完皮肤水嫩嫩 67号,141545,7804,298,12,负面,2023-08-25
C0529,视频号,短视频,熬夜党救星，再也不怕黑眼圈了 70号,65318,4214,240,10,正面,2023-07-29
C0530,抖音,图文笔记,性价比之王，学生党闭眼入 48号,7004,198,7,9,负面,2023-07-20
C0531,视频号,直播切片,终于找到适合敏感肌的护肤品了 78号,24310,1597,92,4,负面,2023-03-09
C0532,抖音,图文笔记,双十一必买清单，错过等一年 16号,35965,2444,54,10,负面,2023-10-23
C0533,小红书,直播切片,熬夜党救星，再也不怕黑眼圈了 98号,468,31,0,9,正面,2023-05-22
C0534,抖音,直播切片,国货之光，支持国产就是好 84号,309052,17561,740,7,负面,2023-02-04
C0535,视频号,短视频,熬夜党救星，再也不怕黑眼圈了 32号,5697,-7,0,9,正面,2023-01-29
C0536,抖音,图文笔记,用了一周，效果真的惊艳到我了 31号,6736,356,3,9,中性,2023-02-14
C0537,小红书,短视频,实测这款产品真的有效，推荐给大家 61号,52012,4493,136,8,中性,2023-11-01
C0538,抖音,直播切片,终于找到适合敏感肌的护肤品了 56号,42551,2384,130,5,正面,2023-07-20
C0539,小红书,图文笔记,终于找到适合敏感肌的护肤品了 30号,5952,113,0,9,正面,2023-08-22
C0540,视频号,直播切片,用了一周，效果真的惊艳到我了 46号,182355,10283,356,11,中性,2023-05-11
C0541,视频号,直播切片,实测这款产品真的有效，推荐给大家 49号,137990,7880,229,11,正面,2023-09-06
C0542,小红书,直播切片,国货之光，支持国产就是好 27号,53145,3067,117,12,正面,2023-12-13
C0543,抖音,短视频,家人们谁懂啊，这个也太好用了 6号,5841,173,1,12,正面,2023-02-22
C0544,小红书,图文笔记,这款新品太好用了，用完皮肤水嫩嫩 66号,7381,214,18,9,中性,2023-07-10
C0545,小红书,短视频,国货之光，支持国产就是好 29号,129867,6772,161,5,负面,2023-11-06
C0546,视频号,短视频,这款新品太好用了，用完皮肤水嫩嫩 97号,30343,2582,42,6,中性,2023-02-06
C0547,视频号,图文笔记,国货之光，支持国产就是好 11号,1162,72,3,10,负面,2023-10-10
C0548,视频号,图文笔记,性价比之王，学生党闭眼入 77号,340359,9306,346,8,中性,2023-05-13
C0549,视频号,短视频,终于找到适合敏感肌的护肤品了 16号,175725,5398,263,16,负面,2023-03-04
C0550,抖音,图文笔记,这款新品太好用了，用完皮肤水嫩嫩 84号,8880,781,28,10,负面,2023-09-05
C0551,抖音,短视频,无限回购的一款产品，强烈推荐 13号,14347,851,46,15,负面,2023-12-19
C0552,视频号,直播切片,国货之光，支持国产就是好 45号,669623,34875,413,10,中性,2023-09-27
C0553,抖音,短视频,家人们谁懂啊，这个也太好用了 62号,71919,5103,216,5,正面,2023-05-18
C0554,小红书,直播切片,家人们谁懂啊，这个也太好用了 76号,29035,1487,67,7,负面,2023-08-18
C0555,小红书,短视频,性价比之王，学生党闭眼入 67号,11494,626,32,12,中性,2023-06-20
C0556,小红书,图文笔记,实测这款产品真的有效，推荐给大家 17号,19295,1471,85,11,正面,2023-01-28
C0557,抖音,短视频,熬夜党救星，再也不怕黑眼圈了 43号,128877,5001,235,12,负面,2023-04-25
C0558,视频号,直播切片,国货之光，支持国产就是好 5号,4697,295,11,5,中性,2023-08-07
C0559,小红书,图文笔记,熬夜党救星，再也不怕黑眼圈了 8号,63507,2363,160,11,正面,2023-01-10
C0560,抖音,图文笔记,国货之光，支持国产就是好 87号,16985,653,7,9,正面,2023-05-05
C0561,抖音,短视频,实测这款产品真的有效，推荐给大家 21号,19224,1311,34,9,中性,2023-10-08
C0562,抖音,直播切片,双十一必买清单，错过等一年 2号,9327,381,2,15,负面,2023-10-15
C0563,视频号,图文笔记,这款新品太好用了，用完皮肤水嫩嫩 26号,4752,61,0,8,中性,2023-05-22
C0564,小红书,直播切片,这款新品太好用了，用完皮肤水嫩嫩 93号,939,43,2,8,中性,2023-08-31
C0565,抖音,直播切片,终于找到适合敏感肌的护肤品了 38号,15174,790,21,11,中性,2023-04-07
C0566,小红书,图文笔记,终于找到适合敏感肌的护肤品了 41号,717155,39248,517,21,负面,2023-07-27
C0567,视频号,直播切片,用了一周，效果真的惊艳到我了 91号,66272,4000,69,9,中性,2023-12-07
C0568,视频号,直播切片,终于找到适合敏感肌的护肤品了 70号,7199,571,1,13,负面,2023-01-08
C0569,小红书,短视频,用了一周，效果真的惊艳到我了 21号,17117,988,30,14,中性,2023-09-18
C0570,小红书,图文笔记,国货之光，支持国产就是好 49号,43834,1252,15,11,中性,2023-07-29
C0571,小红书,短视频,家人们谁懂啊，这个也太好用了 1号,43076,713,55,11,正面,2023-10-18
C0572,抖音,短视频,终于找到适合敏感肌的护肤品了 60号,45513,4964,189,10,中性,2023-01-23
C0573,视频号,短视频,家人们谁懂啊，这个也太好用了 83号,12713,603,37,13,正面,2023-11-11
C0574,抖音,图文笔记,无限回购的一款产品，强烈推荐 36号,39439,3434,77,4,负面,2023-12-24
C0575,小红书,短视频,终于找到适合敏感肌的护肤品了 13号,33238,1849,79,9,正面,2023-11-26
C0576,抖音,直播切片,终于找到适合敏感肌的护肤品了 61号,2509,95,1,11,负面,2023-08-28
C0577,小红书,短视频,熬夜党救星，再也不怕黑眼圈了 35号,21706,602,42,11,正面,2023-09-28
C0578,小红书,短视频,国货之光，支持国产就是好 81号,1829,107,4,12,中性,2023-07-05
C0579,小红书,图文笔记,家人们谁懂啊，这个也太好用了 43号,330543,15652,278,6,负面,2023-09-22
C0580,视频号,图文笔记,家人们谁懂啊，这个也太好用了 76号,1013,69,2,11,负面,2023-03-05
C0581,视频号,短视频,家人们谁懂啊，这个也太好用了 43号,4802,231,10,11,中性,2023-08-11
C0582,抖音,图文笔记,熬夜党救星，再也不怕黑眼圈了 94号,419848,15418,861,8,正面,2023-07-02
C0583,抖音,图文笔记,用了一周，效果真的惊艳到我了 58号,5757,188,5,17,负面,2023-06-23
C0584,抖音,图文笔记,这款新品太好用了，用完皮肤水嫩嫩 49号,31104,775,19,6,负面,2023-05-28
C0585,视频号,图文笔记,实测这款产品真的有效，推荐给大家 99号,6172,38,0,13,负面,2023-09-12
C0586,小红书,短视频,家人们谁懂啊，这个也太好用了 45号,90058,3213,207,11,中性,2023-05-06
C0587,抖音,直播切片,实测这款产品真的有效，推荐给大家 82号,28010,1604,57,12,负面,2023-07-26
C0588,小红书,图文笔记,实测这款产品真的有效，推荐给大家 55号,2638,221,6,8,负面,2023-06-19
C0589,抖音,直播切片,国货之光，支持国产就是好 56号,4520,343,15,11,正面,2023-02-18
C0590,视频号,直播切片,实测这款产品真的有效，推荐给大家 51号,2254,109,3,7,中性,2023-05-03
C0591,小红书,短视频,用了一周，效果真的惊艳到我了 62号,53882,2811,40,18,正面,2023-06-19
C0592,视频号,短视频,国货之光，支持国产就是好 65号,8465,450,23,8,负面,2023-09-07
C0593,小红书,图文笔记,终于找到适合敏感肌的护肤品了 39号,49954,2980,112,10,正面,2023-10-08
C0594,抖音,短视频,实测这款产品真的有效，推荐给大家 27号,3576,155,0,12,负面,2023-12-14
C0595,视频号,直播切片,终于找到适合敏感肌的护肤品了 46号,9966,682,42,8,中性,2023-03-24
C0596,小红书,直播切片,终于找到适合敏感肌的护肤品了 61号,216451,15236,1009,7,正面,2023-02-14
C0597,视频号,短视频,熬夜党救星，再也不怕黑眼圈了 88号,3729,212,4,6,正面,2023-01-03
C0598,视频号,图文笔记,这款新品太好用了，用完皮肤水嫩嫩 38号,10637,661,19,5,中性,2023-06-02
C0599,抖音,直播切片,家人们谁懂啊，这个也太好用了 100号,5054,245,4,12,负面,2023-09-18
C0600,抖音,短视频,这款新品太好用了，用完皮肤水嫩嫩 9号,34490,1433,49,7,正面,2023-04-17
C0601,小红书,直播切片,实测这款产品真的有效，推荐给大家 54号,27556,1939,118,12,中性,2023-06-20
C0602,抖音,短视频,熬夜党救星，再也不怕黑眼圈了 83号,25387,1550,58,12,中性,2023-10-11
C0603,抖音,图文笔记,熬夜党救星，再也不怕黑眼圈了 96号,2344,158,6,15,正面,2023-11-25
C0604,视频号,图文笔记,国货之光，支持国产就是好 13号,6467,528,27,15,中性,2023-07-24
C0605,抖音,直播切片,国货之光，支持国产就是好 4号,561,34,1,11,负面,2023-01-07
C0606,抖音,图文笔记,用了一周，效果真的惊艳到我了 94号,18652,875,33,10,正面,2023-11-17
C0607,视频号,图文笔记,这款新品太好用了，用完皮肤水嫩嫩 77号,53970,1981,73,12,中性,2023-06-19
C0608,抖音,短视频,国货之光，支持国产就是好 61号,19113,929,61,11,正面,2023-09-06
C0609,抖音,短视频,熬夜党救星，再也不怕黑眼圈了 91号,17728,841,36,3,正面,2023-03-28
C0610,视频号,直播切片,国货之光，支持国产就是好 84号,1584,64,1,7,中性,2023-11-15
C0611,抖音,短视频,终于找到适合敏感肌的护肤品了 13号,9699,380,12,10,负面,2023-10-03
C0612,抖音,短视频,家人们谁懂啊，这个也太好用了 45号,108607,4369,76,10,负面,2023-10-11
C0613,视频号,图文笔记,实测这款产品真的有效，推荐给大家 58号,951,71,0,8,负面,2023-05-01
C0614,视频号,短视频,家人们谁懂啊，这个也太好用了 39号,142614,8337,224,9,中性,2023-04-27
C0615,小红书,图文笔记,家人们谁懂啊，这个也太好用了 15号,1585,22,0,10,中性,2023-02-25
C0616,视频号,直播切片,这款新品太好用了，用完皮肤水嫩嫩 12号,167422,3227,124,13,正面,2023-09-08
C0617,小红书,短视频,用了一周，效果真的惊艳到我了 69号,981,45,0,7,中性,2023-02-10
C0618,抖音,图文笔记,国货之光，支持国产就是好 13号,97354,8913,340,8,中性,2023-12-30
C0619,抖音,短视频,国货之光，支持国产就是好 47号,5595,339,10,8,中性,2023-02-19
C0620,抖音,直播切片,用了一周，效果真的惊艳到我了 79号,1529,48,1,10,中性,2023-06-10
C0621,小红书,直播切片,用了一周，效果真的惊艳到我了 92号,3207,153,0,10,中性,2023-03-16
C0622,抖音,图文笔记,家人们谁懂啊，这个也太好用了 57号,70476,3491,61,15,正面,2023-04-03
C0623,小红书,直播切片,性价比之王，学生党闭眼入 35号,78398,2199,145,6,正面,2023-06-05
C0624,视频号,图文笔记,性价比之王，学生党闭眼入 19号,11644,437,18,10,正面,2023-10-17
C0625,视频号,直播切片,家人们谁懂啊，这个也太好用了 3号,492960,23782,917,9,负面,2023-09-08
C0626,视频号,图文笔记,熬夜党救星，再也不怕黑眼圈了 25号,24916,1769,65,6,负面,2023-10-16
C0627,抖音,直播切片,实测这款产品真的有效，推荐给大家 89号,8724,633,25,8,中性,2023-03-22
C0628,视频号,直播切片,熬夜党救星，再也不怕黑眼圈了 9号,235,17,0,9,正面,2023-03-11
C0629,视频号,短视频,家人们谁懂啊，这个也太好用了 21号,5570,226,7,14,负面,2023-04-21
C0630,视频号,短视频,熬夜党救星，再也不怕黑眼圈了 68号,21192,1348,39,11,中性,2023-08-17
C0631,小红书,直播切片,国货之光，支持国产就是好 26号,7771,394,12,20,正面,2023-04-26
C0632,小红书,短视频,终于找到适合敏感肌的护肤品了 45号,10488,444,11,7,中性,2023-05-13
C0633,抖音,短视频,无限回购的一款产品，强烈推荐 90号,9176,507,21,11,中性,2023-01-14
C0634,视频号,短视频,无限回购的一款产品，强烈推荐 57号,16613,794,10,9,负面,2023-09-19
C0635,小红书,短视频,这款新品太好用了，用完皮肤水嫩嫩 34号,213444,14513,762,13,正面,2023-08-25
C0636,小红书,短视频,无限回购的一款产品，强烈推荐 65号,41408,1406,28,8,负面,2023-09-16
C0637,视频号,图文笔记,家人们谁懂啊，这个也太好用了 31号,955299,44141,1746,6,正面,2023-09-28
C0638,抖音,图文笔记,国货之光，支持国产就是好 38号,337703,30918,1541,7,中性,2023-12-11
C0639,抖音,短视频,这款新品太好用了，用完皮肤水嫩嫩 32号,15871,659,22,6,中性,2023-10-31
C0640,小红书,图文笔记,国货之光，支持国产就是好 99号,48957,1358,45,15,正面,2023-03-09
C0641,视频号,图文笔记,家人们谁懂啊，这个也太好用了 72号,21176,1111,28,11,正面,2023-11-24
C0642,小红书,图文笔记,这款新品太好用了，用完皮肤水嫩嫩 34号,34720,2076,41,7,负面,2023-01-25
C0643,抖音,直播切片,终于找到适合敏感肌的护肤品了 38号,11701,366,6,9,负面,2023-04-07
C0644,视频号,短视频,家人们谁懂啊，这个也太好用了 80号,67341,2060,58,13,正面,2023-05-07
C0645,小红书,直播切片,用了一周，效果真的惊艳到我了 49号,92346,5670,256,7,中性,2023-02-09
C0646,小红书,图文笔记,实测这款产品真的有效，推荐给大家 7号,19048,1283,51,8,负面,2023-01-05
C0647,小红书,直播切片,双十一必买清单，错过等一年 19号,14494,899,37,11,正面,2023-02-22
C0648,视频号,直播切片,熬夜党救星，再也不怕黑眼圈了 3号,16621,732,22,11,正面,2023-12-05
C0649,抖音,图文笔记,终于找到适合敏感肌的护肤品了 9号,106640,1992,60,10,正面,2023-02-13
C0650,抖音,直播切片,熬夜党救星，再也不怕黑眼圈了 7号,8373,445,11,8,负面,2023-12-16
C0651,小红书,短视频,无限回购的一款产品，强烈推荐 83号,2382,76,2,7,负面,2023-12-21
C0652,小红书,直播切片,家人们谁懂啊，这个也太好用了 22号,102787,5373,104,11,负面,2023-03-18
C0653,抖音,短视频,无限回购的一款产品，强烈推荐 14号,15240,168,3,10,负面,2023-03-26
C0654,抖音,图文笔记,家人们谁懂啊，这个也太好用了 57号,2166,88,3,7,中性,2023-07-11
C0655,小红书,短视频,熬夜党救星，再也不怕黑眼圈了 25号,76252,3844,175,6,中性,2023-12-02
C0656,抖音,直播切片,用了一周，效果真的惊艳到我了 62号,29583,1673,43,11,负面,2023-12-28
C0657,视频号,直播切片,国货之光，支持国产就是好 87号,56184,1271,43,9,负面,2023-05-02
C0658,小红书,图文笔记,熬夜党救星，再也不怕黑眼圈了 91号,4316,206,3,18,负面,2023-05-03
C0659,视频号,短视频,熬夜党救星，再也不怕黑眼圈了 100号,23604,1065,17,10,中性,2023-03-12
C0660,抖音,直播切片,性价比之王，学生党闭眼入 59号,8826,564,15,10,负面,2023-06-10
C0661,视频号,直播切片,终于找到适合敏感肌的护肤品了 71号,3076,134,3,12,中性,2023-10-29
C0662,抖音,直播切片,终于找到适合敏感肌的护肤品了 87号,17181,754,12,8,正面,2023-05-06
C0663,视频号,图文笔记,性价比之王，学生党闭眼入 59号,24064,459,16,6,负面,2023-03-21
C0664,视频号,直播切片,用了一周，效果真的惊艳到我了 79号,784,38,1,7,负面,2023-05-09
C0665,抖音,短视频,双十一必买清单，错过等一年 35号,23838,1489,53,14,负面,2023-06-25
C0666,视频号,图文笔记,家人们谁懂啊，这个也太好用了 16号,4228,240,10,9,负面,2023-09-06
C0667,视频号,短视频,性价比之王，学生党闭眼入 72号,62405,3445,35,11,负面,2023-02-20
C0668,视频号,直播切片,这款新品太好用了，用完皮肤水嫩嫩 20号,286232,12640,353,9,负面,2023-01-21
C0669,抖音,直播切片,双十一必买清单，错过等一年 69号,505911,24673,1788,10,正面,2023-05-11
C0670,抖音,图文笔记,实测这款产品真的有效，推荐给大家 73号,622,15,0,9,中性,2023-10-11
C0671,视频号,短视频,双十一必买清单，错过等一年 68号,23742,1281,39,8,正面,2023-01-03
C0672,抖音,图文笔记,这款新品太好用了，用完皮肤水嫩嫩 47号,20238,1030,54,11,负面,2023-09-08
C0673,抖音,图文笔记,国货之光，支持国产就是好 32号,3425,103,4,9,正面,2023-10-21
C0674,视频号,直播切片,国货之光，支持国产就是好 13号,20924,1023,46,6,中性,2023-01-21
C0675,视频号,直播切片,家人们谁懂啊，这个也太好用了 10号,999169,34392,0,13,负面,2023-09-27
C0676,小红书,短视频,实测这款产品真的有效，推荐给大家 23号,14339,798,60,8,正面,2023-04-12
C0677,抖音,图文笔记,性价比之王，学生党闭眼入 37号,85336,5646,73,7,正面,2023-10-05
C0678,抖音,短视频,国货之光，支持国产就是好 22号,11610,616,0,11,负面,2023-09-06
C0679,视频号,图文笔记,家人们谁懂啊，这个也太好用了 95号,10223,409,18,13,正面,2023-02-20
C0680,抖音,直播切片,用了一周，效果真的惊艳到我了 9号,38766,2070,49,12,正面,2023-07-28
C0681,小红书,图文笔记,双十一必买清单，错过等一年 89号,16286,1384,39,3,负面,2023-05-02
C0682,抖音,图文笔记,国货之光，支持国产就是好 77号,21743,865,82,10,正面,2023-04-17
C0683,抖音,直播切片,性价比之王，学生党闭眼入 30号,99054,7601,137,10,负面,2023-05-26
C0684,视频号,图文笔记,终于找到适合敏感肌的护肤品了 85号,89247,7777,304,6,正面,2023-09-25
C0685,视频号,图文笔记,国货之光，支持国产就是好 50号,16147,460,33,19,正面,2023-03-26
C0686,小红书,短视频,家人们谁懂啊，这个也太好用了 88号,49794,1629,24,9,正面,2023-11-03
C0687,视频号,短视频,国货之光，支持国产就是好 65号,11679,370,11,13,负面,2023-06-18
C0688,视频号,图文笔记,这款新品太好用了，用完皮肤水嫩嫩 35号,20557,1037,37,9,中性,2023-12-04
C0689,小红书,图文笔记,无限回购的一款产品，强烈推荐 32号,57186,3373,174,12,正面,2023-01-29
C0690,视频号,短视频,熬夜党救星，再也不怕黑眼圈了 89号,21020,1659,21,8,中性,2023-02-23
C0691,视频号,直播切片,熬夜党救星，再也不怕黑眼圈了 74号,15862,950,40,14,中性,2023-07-31
C0692,视频号,图文笔记,熬夜党救星，再也不怕黑眼圈了 86号,15283,798,45,16,中性,2023-09-10
C0693,抖音,短视频,家人们谁懂啊，这个也太好用了 84号,46796,2503,145,13,负面,2023-08-04
C0694,小红书,直播切片,终于找到适合敏感肌的护肤品了 53号,10584,431,0,10,负面,2023-02-28
C0695,抖音,直播切片,双十一必买清单，错过等一年 95号,19894,1515,99,9,正面,2023-09-05
C0696,抖音,直播切片,双十一必买清单，错过等一年 1号,263468,7207,211,13,中性,2023-03-25
C0697,视频号,直播切片,双十一必买清单，错过等一年 43号,200550,4113,104,8,中性,2023-04-04
C0698,小红书,直播切片,终于找到适合敏感肌的护肤品了 10号,194700,16175,814,13,正面,2023-04-27
C0699,小红书,短视频,无限回购的一款产品，强烈推荐 88号,18481,712,11,10,负面,2023-11-08
C0700,抖音,图文笔记,性价比之王，学生党闭眼入 62号,24579,424,3,8,中性,2023-11-29
C0701,视频号,图文笔记,用了一周，效果真的惊艳到我了 7号,68433,2818,220,12,正面,2023-01-07
C0702,抖音,直播切片,用了一周，效果真的惊艳到我了 3号,79207,3688,115,12,中性,2023-11-23
C0703,小红书,短视频,这款新品太好用了，用完皮肤水嫩嫩 80号,9107,525,11,8,中性,2023-06-24
C0704,视频号,直播切片,国货之光，支持国产就是好 58号,23773,1448,47,9,负面,2023-02-28
C0705,小红书,短视频,家人们谁懂啊，这个也太好用了 73号,224409,17607,378,11,负面,2023-02-19
C0706,小红书,短视频,用了一周，效果真的惊艳到我了 78号,7726,380,7,9,负面,2023-02-13
C0707,抖音,短视频,性价比之王，学生党闭眼入 49号,16069,1268,6,11,中性,2023-05-31
C0708,小红书,图文笔记,实测这款产品真的有效，推荐给大家 61号,179802,10067,168,11,中性,2023-02-04
C0709,抖音,直播切片,无限回购的一款产品，强烈推荐 63号,26836,1097,23,14,中性,2023-08-03
C0710,小红书,直播切片,无限回购的一款产品，强烈推荐 30号,473450,33260,991,10,中性,2024-01-01
C0711,小红书,图文笔记,无限回购的一款产品，强烈推荐 8号,4238,131,3,8,中性,2023-12-19
C0712,小红书,图文笔记,实测这款产品真的有效，推荐给大家 1号,17019,1613,63,11,中性,2023-03-30
C0713,小红书,直播切片,家人们谁懂啊，这个也太好用了 26号,46845,2106,51,17,正面,2023-12-06
C0714,抖音,短视频,性价比之王，学生党闭眼入 26号,21532,1357,73,8,正面,2023-11-23
C0715,视频号,短视频,终于找到适合敏感肌的护肤品了 20号,160206,6101,445,12,正面,2023-11-29
C0716,抖音,图文笔记,这款新品太好用了，用完皮肤水嫩嫩 61号,92358,7044,214,13,中性,2023-03-17
C0717,小红书,图文笔记,这款新品太好用了，用完皮肤水嫩嫩 55号,459489,10039,345,14,中性,2023-01-15
C0718,抖音,图文笔记,熬夜党救星，再也不怕黑眼圈了 39号,6743,163,9,9,正面,2023-07-27
C0719,视频号,图文笔记,实测这款产品真的有效，推荐给大家 21号,15308,990,7,11,中性,2023-12-14
C0720,小红书,短视频,终于找到适合敏感肌的护肤品了 83号,2772,54,1,15,正面,2023-03-06
C0721,抖音,短视频,国货之光，支持国产就是好 24号,414355,26521,1026,14,中性,2023-06-06
C0722,抖音,图文笔记,实测这款产品真的有效，推荐给大家 42号,16673,776,40,8,正面,2023-07-24
C0723,抖音,直播切片,无限回购的一款产品，强烈推荐 54号,66396,4730,212,8,中性,2023-08-25
C0724,小红书,短视频,家人们谁懂啊，这个也太好用了 42号,11193,555,46,8,正面,2023-06-28
C0725,小红书,短视频,性价比之王，学生党闭眼入 56号,35074,2613,118,7,负面,2023-11-06
C0726,视频号,图文笔记,熬夜党救星，再也不怕黑眼圈了 2号,81638,4521,265,13,中性,2023-09-06
C0727,抖音,直播切片,双十一必买清单，错过等一年 72号,40785,466,11,13,中性,2023-09-25
C0728,抖音,图文笔记,国货之光，支持国产就是好 5号,33354,1300,58,15,负面,2023-09-05
C0729,小红书,短视频,实测这款产品真的有效，推荐给大家 79号,12478,459,15,15,负面,2023-03-18
C0730,抖音,图文笔记,终于找到适合敏感肌的护肤品了 18号,8837,462,19,9,正面,2023-06-28
C0731,抖音,图文笔记,实测这款产品真的有效，推荐给大家 95号,24596,1404,42,9,正面,2023-12-29
C0732,视频号,图文笔记,性价比之王，学生党闭眼入 38号,100876,6647,193,11,负面,2023-05-06
C0733,抖音,图文笔记,这款新品太好用了，用完皮肤水嫩嫩 67号,1899,63,1,12,负面,2023-07-23
C0734,抖音,短视频,熬夜党救星，再也不怕黑眼圈了 26号,63878,2075,61,9,正面,2023-08-11
C0735,视频号,短视频,家人们谁懂啊，这个也太好用了 71号,41698,898,45,11,负面,2023-03-31
C0736,小红书,短视频,熬夜党救星，再也不怕黑眼圈了 53号,56055,1444,28,9,负面,2023-11-29
C0737,小红书,短视频,实测这款产品真的有效，推荐给大家 9号,62168,3758,134,8,负面,2023-04-23
C0738,小红书,短视频,熬夜党救星，再也不怕黑眼圈了 6号,13695,439,8,12,中性,2023-01-24
C0739,视频号,短视频,双十一必买清单，错过等一年 94号,4178,17,0,14,负面,2023-09-01
C0740,小红书,直播切片,实测这款产品真的有效，推荐给大家 63号,30292,1483,67,7,中性,2023-05-26
C0741,视频号,直播切片,无限回购的一款产品，强烈推荐 71号,7559,161,2,17,负面,2023-03-02
C0742,小红书,直播切片,熬夜党救星，再也不怕黑眼圈了 89号,2558,129,3,9,负面,2023-05-01
C0743,视频号,图文笔记,熬夜党救星，再也不怕黑眼圈了 92号,13714,867,32,11,中性,2023-03-28
C0744,小红书,短视频,用了一周，效果真的惊艳到我了 93号,30037,1334,130,11,正面,2023-05-30
C0745,抖音,短视频,熬夜党救星，再也不怕黑眼圈了 42号,8221,238,2,12,中性,2023-07-25
C0746,小红书,图文笔记,家人们谁懂啊，这个也太好用了 13号,33057,1439,34,4,正面,2023-10-11
C0747,抖音,直播切片,熬夜党救星，再也不怕黑眼圈了 31号,645945,42709,1893,12,中性,2023-08-08
C0748,视频号,短视频,无限回购的一款产品，强烈推荐 1号,17804,666,20,9,中性,2023-11-06
C0749,小红书,图文笔记,性价比之王，学生党闭眼入 46号,17822,897,32,11,负面,2023-07-16
C0750,视频号,短视频,终于找到适合敏感肌的护肤品了 41号,116059,5004,294,5,正面,2023-06-16
C0751,抖音,图文笔记,双十一必买清单，错过等一年 41号,28763,758,42,12,负面,2023-10-08
C0752,视频号,短视频,家人们谁懂啊，这个也太好用了 66号,13891,727,16,10,正面,2023-12-20
C0753,抖音,图文笔记,家人们谁懂啊，这个也太好用了 18号,16803,518,17,7,中性,2023-01-23
C0754,小红书,图文笔记,熬夜党救星，再也不怕黑眼圈了 6号,21672,1563,58,10,正面,2023-11-20
C0755,小红书,短视频,实测这款产品真的有效，推荐给大家 53号,14099,722,44,10,中性,2023-03-05
C0756,视频号,图文笔记,终于找到适合敏感肌的护肤品了 41号,814057,57690,2081,9,负面,2023-04-16
C0757,小红书,短视频,实测这款产品真的有效，推荐给大家 27号,208974,11147,540,7,中性,2023-04-04
C0758,视频号,短视频,这款新品太好用了，用完皮肤水嫩嫩 1号,24199,1355,63,13,负面,2023-05-11
C0759,小红书,图文笔记,家人们谁懂啊，这个也太好用了 79号,4233,198,11,8,负面,2023-05-11
C0760,小红书,直播切片,实测这款产品真的有效，推荐给大家 56号,17887,1150,54,15,负面,2023-01-14
C0761,视频号,图文笔记,终于找到适合敏感肌的护肤品了 6号,8015,761,36,9,负面,2023-10-20
C0762,抖音,直播切片,用了一周，效果真的惊艳到我了 22号,115612,8309,120,7,正面,2023-04-23
C0763,小红书,短视频,双十一必买清单，错过等一年 33号,869,70,2,10,中性,2023-05-19
C0764,视频号,图文笔记,双十一必买清单，错过等一年 47号,3190,38,1,11,正面,2023-04-04
C0765,视频号,图文笔记,用了一周，效果真的惊艳到我了 42号,4192,250,9,13,正面,2023-10-25
C0766,视频号,图文笔记,国货之光，支持国产就是好 41号,21379,348,9,15,中性,2023-09-10
C0767,小红书,短视频,家人们谁懂啊，这个也太好用了 35号,10879,583,19,7,负面,2023-09-14
C0768,抖音,图文笔记,实测这款产品真的有效，推荐给大家 99号,479640,33026,919,6,负面,2023-03-01
C0769,抖音,短视频,这款新品太好用了，用完皮肤水嫩嫩 55号,57731,896,58,12,正面,2023-03-05
C0770,视频号,直播切片,实测这款产品真的有效，推荐给大家 27号,79658,2941,47,10,中性,2023-09-27
C0771,小红书,短视频,家人们谁懂啊，这个也太好用了 31号,9064,501,16,7,负面,2023-10-06
C0772,小红书,直播切片,无限回购的一款产品，强烈推荐 27号,63996,2934,117,9,正面,2023-11-26
C0773,小红书,直播切片,熬夜党救星，再也不怕黑眼圈了 77号,62352,4110,234,13,正面,2023-06-04
C0774,小红书,直播切片,用了一周，效果真的惊艳到我了 24号,131795,6340,303,14,中性,2023-07-13
C0775,小红书,图文笔记,用了一周，效果真的惊艳到我了 60号,26945,1776,39,10,正面,2023-12-05
C0776,抖音,直播切片,家人们谁懂啊，这个也太好用了 85号,293143,1812,48,10,负面,2023-03-03
C0777,小红书,直播切片,这款新品太好用了，用完皮肤水嫩嫩 33号,31161,1477,75,8,正面,2023-07-10
C0778,小红书,短视频,实测这款产品真的有效，推荐给大家 63号,1702,120,6,11,正面,2023-04-17
C0779,小红书,图文笔记,这款新品太好用了，用完皮肤水嫩嫩 92号,8457,387,8,10,负面,2023-07-05
C0780,小红书,直播切片,终于找到适合敏感肌的护肤品了 47号,19736,997,61,15,正面,2023-11-28
C0781,视频号,图文笔记,国货之光，支持国产就是好 54号,135551,8661,324,13,正面,2023-04-20
C0782,小红书,短视频,实测这款产品真的有效，推荐给大家 67号,34817,1849,52,9,负面,2023-03-19
C0783,视频号,直播切片,家人们谁懂啊，这个也太好用了 84号,431901,30996,1594,8,正面,2023-08-26
C0784,抖音,短视频,用了一周，效果真的惊艳到我了 61号,13319,820,14,11,负面,2023-12-03
C0785,小红书,图文笔记,无限回购的一款产品，强烈推荐 95号,45349,2745,63,6,负面,2023-06-01
C0786,抖音,图文笔记,家人们谁懂啊，这个也太好用了 78号,26428,1563,0,13,中性,2023-12-20
C0787,视频号,短视频,终于找到适合敏感肌的护肤品了 75号,5320,317,4,14,中性,2023-08-27
C0788,小红书,直播切片,性价比之王，学生党闭眼入 30号,83929,5647,98,8,中性,2023-11-10
C0789,小红书,图文笔记,国货之光，支持国产就是好 72号,12080,100,0,9,中性,2023-11-26
C0790,抖音,图文笔记,双十一必买清单，错过等一年 86号,13984,472,8,8,中性,2023-04-04
C0791,视频号,图文笔记,终于找到适合敏感肌的护肤品了 29号,31453,1522,73,16,正面,2023-11-30
C0792,视频号,短视频,家人们谁懂啊，这个也太好用了 18号,4246,-6,0,8,中性,2023-08-14
C0793,抖音,直播切片,国货之光，支持国产就是好 12号,3827,295,12,13,正面,2023-11-19
C0794,抖音,图文笔记,家人们谁懂啊，这个也太好用了 76号,2861,122,3,9,中性,2023-09-06
C0795,视频号,直播切片,双十一必买清单，错过等一年 22号,12181,665,14,7,中性,2023-09-06
C0796,抖音,图文笔记,用了一周，效果真的惊艳到我了 8号,49976,3242,96,14,中性,2023-04-17
C0797,抖音,短视频,性价比之王，学生党闭眼入 4号,16621,1424,31,10,中性,2023-05-12
C0798,视频号,短视频,这款新品太好用了，用完皮肤水嫩嫩 55号,9824,614,14,12,负面,2023-05-08
C0799,视频号,短视频,家人们谁懂啊，这个也太好用了 19号,12753,710,45,5,正面,2023-04-01
C0800,视频号,短视频,实测这款产品真的有效，推荐给大家 29号,5802,390,3,10,正面,2023-10-26
C0801,抖音,直播切片,家人们谁懂啊，这个也太好用了 15号,47072,1517,87,11,正面,2023-01-09
C0802,视频号,直播切片,用了一周，效果真的惊艳到我了 72号,11580,534,1,10,正面,2023-02-01
C0803,小红书,图文笔记,家人们谁懂啊，这个也太好用了 86号,23545,1025,19,11,正面,2023-04-28
C0804,视频号,图文笔记,终于找到适合敏感肌的护肤品了 49号,34843,1325,18,10,负面,2023-07-07
C0805,视频号,短视频,这款新品太好用了，用完皮肤水嫩嫩 83号,53861,531,22,10,正面,2023-12-07
C0806,小红书,短视频,熬夜党救星，再也不怕黑眼圈了 56号,2158,106,3,8,中性,2023-09-09
C0807,抖音,短视频,家人们谁懂啊，这个也太好用了 38号,11376,858,37,11,正面,2023-04-12
C0808,抖音,直播切片,家人们谁懂啊，这个也太好用了 63号,135384,6632,246,8,中性,2023-01-31
C0809,视频号,直播切片,无限回购的一款产品，强烈推荐 96号,17290,973,45,9,正面,2023-10-16
C0810,视频号,图文笔记,用了一周，效果真的惊艳到我了 41号,30852,809,22,11,中性,2023-12-01
C0811,小红书,直播切片,无限回购的一款产品，强烈推荐 2号,7809,312,0,13,中性,2023-09-08
C0812,小红书,直播切片,家人们谁懂啊，这个也太好用了 29号,146718,9151,230,13,负面,2023-01-23
C0813,小红书,直播切片,家人们谁懂啊，这个也太好用了 45号,7648,427,21,12,正面,2023-10-25
C0814,小红书,短视频,家人们谁懂啊，这个也太好用了 25号,55881,2609,56,8,中性,2023-11-01
C0815,抖音,图文笔记,终于找到适合敏感肌的护肤品了 36号,1208,85,3,13,正面,2023-01-15
C0816,小红书,图文笔记,国货之光，支持国产就是好 61号,76452,8183,209,6,中性,2023-07-19
C0817,抖音,短视频,这款新品太好用了，用完皮肤水嫩嫩 29号,38901,2712,175,7,正面,2023-07-28
C0818,视频号,短视频,双十一必买清单，错过等一年 76号,876,61,1,11,中性,2023-07-17
C0819,小红书,图文笔记,终于找到适合敏感肌的护肤品了 12号,26617,820,1,16,负面,2023-10-09
C0820,小红书,短视频,实测这款产品真的有效，推荐给大家 35号,105787,5552,112,10,中性,2023-10-03
C0821,视频号,短视频,这款新品太好用了，用完皮肤水嫩嫩 50号,65717,1831,43,13,负面,2023-12-12
C0822,抖音,直播切片,这款新品太好用了，用完皮肤水嫩嫩 92号,554,31,0,10,中性,2023-07-11
C0823,小红书,直播切片,终于找到适合敏感肌的护肤品了 67号,32158,1813,120,9,正面,2023-03-22
C0824,视频号,直播切片,用了一周，效果真的惊艳到我了 90号,47986,1729,13,9,负面,2023-04-05
C0825,视频号,图文笔记,终于找到适合敏感肌的护肤品了 70号,9829,921,46,9,正面,2023-01-08
C0826,抖音,图文笔记,双十一必买清单，错过等一年 91号,456287,33947,1824,6,正面,2023-07-27
C0827,视频号,短视频,终于找到适合敏感肌的护肤品了 43号,76655,3415,125,5,中性,2023-04-03
C0828,小红书,直播切片,熬夜党救星，再也不怕黑眼圈了 46号,16939,723,27,11,负面,2023-11-16
C0829,小红书,直播切片,这款新品太好用了，用完皮肤水嫩嫩 10号,6617,121,4,12,正面,2023-03-06
C0830,小红书,图文笔记,性价比之王，学生党闭眼入 63号,1273,77,3,14,正面,2023-10-27
C0831,视频号,图文笔记,国货之光，支持国产就是好 4号,40583,1835,39,9,负面,2023-08-29
C0832,视频号,图文笔记,熬夜党救星，再也不怕黑眼圈了 98号,10319,641,1,18,负面,2023-07-30
C0833,视频号,直播切片,用了一周，效果真的惊艳到我了 28号,10677,112,1,7,正面,2023-03-31
C0834,视频号,直播切片,熬夜党救星，再也不怕黑眼圈了 83号,20493,1400,53,10,中性,2023-07-11
C0835,抖音,图文笔记,无限回购的一款产品，强烈推荐 78号,448,16,0,15,正面,2023-07-15
C0836,小红书,短视频,用了一周，效果真的惊艳到我了 39号,5778,392,24,8,负面,2023-11-28
C0837,视频号,直播切片,这款新品太好用了，用完皮肤水嫩嫩 15号,2085,114,4,9,负面,2023-12-19
C0838,抖音,短视频,双十一必买清单，错过等一年 59号,57953,3782,234,7,负面,2023-05-09
C0839,视频号,直播切片,国货之光，支持国产就是好 4号,2035,96,1,11,中性,2023-02-17
C0840,视频号,直播切片,国货之光，支持国产就是好 94号,290149,9050,292,6,中性,2023-10-07
C0841,小红书,短视频,这款新品太好用了，用完皮肤水嫩嫩 59号,408002,14995,0,4,负面,2023-02-03
C0842,视频号,短视频,家人们谁懂啊，这个也太好用了 44号,707,47,1,7,负面,2023-08-22
C0843,抖音,短视频,熬夜党救星，再也不怕黑眼圈了 99号,46145,225,6,8,正面,2023-06-04
C0844,视频号,短视频,用了一周，效果真的惊艳到我了 85号,27020,2264,77,9,负面,2023-11-01
C0845,小红书,短视频,终于找到适合敏感肌的护肤品了 45号,20220,754,6,5,负面,2023-02-11
C0846,抖音,图文笔记,用了一周，效果真的惊艳到我了 19号,24097,1592,0,8,中性,2023-02-15
C0847,小红书,直播切片,国货之光，支持国产就是好 58号,135377,7748,328,8,负面,2023-03-28
C0848,视频号,图文笔记,熬夜党救星，再也不怕黑眼圈了 81号,23338,1091,45,7,负面,2023-06-12
C0849,抖音,短视频,无限回购的一款产品，强烈推荐 19号,150067,10070,577,7,正面,2023-08-12
C0850,小红书,图文笔记,熬夜党救星，再也不怕黑眼圈了 17号,2195,58,1,12,负面,2023-11-20
C0851,视频号,短视频,熬夜党救星，再也不怕黑眼圈了 15号,14907,947,20,6,中性,2023-05-26
C0852,视频号,短视频,实测这款产品真的有效，推荐给大家 71号,4531,144,7,14,负面,2023-06-27
C0853,小红书,图文笔记,无限回购的一款产品，强烈推荐 15号,13640,928,21,13,负面,2023-12-12
C0854,抖音,图文笔记,终于找到适合敏感肌的护肤品了 96号,6623,369,12,12,正面,2023-08-30
C0855,视频号,直播切片,用了一周，效果真的惊艳到我了 83号,234420,15141,702,7,正面,2023-03-27
C0856,抖音,短视频,无限回购的一款产品，强烈推荐 47号,17175,925,33,6,负面,2023-11-13
C0857,抖音,图文笔记,家人们谁懂啊，这个也太好用了 35号,5469,317,19,11,中性,2023-02-01
C0858,抖音,图文笔记,家人们谁懂啊，这个也太好用了 15号,20807,1164,43,8,中性,2023-02-15
C0859,抖音,图文笔记,熬夜党救星，再也不怕黑眼圈了 65号,4572,267,3,15,中性,2023-09-17
C0860,视频号,图文笔记,用了一周，效果真的惊艳到我了 57号,176901,8773,652,11,正面,2023-12-17
C0861,小红书,图文笔记,熬夜党救星，再也不怕黑眼圈了 36号,500,3,0,8,负面,2023-12-07
C0862,小红书,短视频,熬夜党救星，再也不怕黑眼圈了 76号,5160,237,7,10,中性,2023-04-25
C0863,抖音,直播切片,双十一必买清单，错过等一年 17号,28231,2647,44,10,负面,2023-12-16
C0864,视频号,短视频,无限回购的一款产品，强烈推荐 56号,312464,26455,795,10,中性,2023-11-21
C0865,抖音,直播切片,无限回购的一款产品，强烈推荐 62号,72099,4138,127,9,正面,2023-03-16
C0866,视频号,图文笔记,终于找到适合敏感肌的护肤品了 62号,3769,182,6,12,负面,2023-08-13
C0867,抖音,图文笔记,终于找到适合敏感肌的护肤品了 2号,74322,3213,148,12,负面,2023-02-22
C0868,小红书,短视频,熬夜党救星，再也不怕黑眼圈了 47号,65460,1773,0,10,正面,2023-11-28
C0869,小红书,短视频,熬夜党救星，再也不怕黑眼圈了 44号,15642,806,6,7,正面,2023-08-22
C0870,小红书,图文笔记,用了一周，效果真的惊艳到我了 90号,8387,233,9,11,正面,2023-12-03
C0871,视频号,图文笔记,双十一必买清单，错过等一年 4号,26908,1565,58,11,正面,2023-09-06
C0872,视频号,图文笔记,无限回购的一款产品，强烈推荐 72号,31547,1507,15,7,负面,2023-06-24
C0873,抖音,短视频,无限回购的一款产品，强烈推荐 56号,4472,73,1,7,正面,2023-11-09
C0874,抖音,直播切片,熬夜党救星，再也不怕黑眼圈了 11号,4152149,292301,9054,9,正面,2023-09-04
C0875,视频号,直播切片,实测这款产品真的有效，推荐给大家 100号,17210,934,37,10,负面,2023-05-05
C0876,小红书,图文笔记,无限回购的一款产品，强烈推荐 54号,5854,123,4,8,负面,2023-12-26
C0877,抖音,短视频,这款新品太好用了，用完皮肤水嫩嫩 86号,2272,77,1,8,中性,2023-10-21
C0878,小红书,直播切片,国货之光，支持国产就是好 3号,41986,1058,30,9,负面,2023-04-10
C0879,抖音,短视频,性价比之王，学生党闭眼入 15号,4732,255,7,14,负面,2023-02-13
C0880,视频号,直播切片,性价比之王，学生党闭眼入 30号,62364,3863,111,10,负面,2023-08-29
C0881,视频号,直播切片,这款新品太好用了，用完皮肤水嫩嫩 13号,56057,3627,66,14,中性,2023-05-26
C0882,抖音,短视频,无限回购的一款产品，强烈推荐 57号,46437,1468,33,2,正面,2023-04-06
C0883,抖音,图文笔记,实测这款产品真的有效，推荐给大家 86号,309660,23562,637,9,负面,2023-02-16
C0884,小红书,图文笔记,终于找到适合敏感肌的护肤品了 70号,149746,10230,250,6,正面,2023-01-10
C0885,小红书,短视频,无限回购的一款产品，强烈推荐 18号,80632,5368,195,11,正面,2023-08-04
C0886,小红书,直播切片,国货之光，支持国产就是好 99号,168848,8902,317,11,负面,2023-09-27
C0887,视频号,短视频,性价比之王，学生党闭眼入 56号,37109,2163,70,6,负面,2023-06-22
C0888,小红书,直播切片,性价比之王，学生党闭眼入 77号,9442,170,3,10,正面,2023-03-20
C0889,小红书,短视频,性价比之王，学生党闭眼入 23号,6393,123,4,8,正面,2023-09-04
C0890,抖音,图文笔记,性价比之王，学生党闭眼入 95号,246776,19471,1230,10,正面,2023-02-18
C0891,小红书,直播切片,家人们谁懂啊，这个也太好用了 13号,11630,539,25,9,正面,2023-08-14
C0892,抖音,短视频,无限回购的一款产品，强烈推荐 4号,29926,1486,33,12,中性,2023-04-10
C0893,小红书,短视频,家人们谁懂啊，这个也太好用了 10号,552119,49827,1308,11,中性,2023-09-13
C0894,抖音,直播切片,终于找到适合敏感肌的护肤品了 42号,12650,541,34,9,正面,2023-09-23
C0895,视频号,直播切片,无限回购的一款产品，强烈推荐 8号,145319,4778,102,12,负面,2023-07-19
C0896,视频号,直播切片,用了一周，效果真的惊艳到我了 74号,3220,137,5,13,中性,2023-11-26
C0897,小红书,直播切片,家人们谁懂啊，这个也太好用了 20号,1873,116,3,16,负面,2023-03-21
C0898,小红书,短视频,用了一周，效果真的惊艳到我了 72号,14210,247,5,17,负面,2023-01-27
C0899,视频号,图文笔记,终于找到适合敏感肌的护肤品了 55号,42987,1479,45,6,中性,2023-07-21
C0900,抖音,短视频,熬夜党救星，再也不怕黑眼圈了 83号,9835,604,22,7,中性,2023-05-13
C0901,抖音,直播切片,国货之光，支持国产就是好 89号,189584,12518,414,7,中性,2023-11-10
C0902,视频号,直播切片,双十一必买清单，错过等一年 98号,124667,9393,448,13,正面,2023-07-05
C0903,小红书,短视频,无限回购的一款产品，强烈推荐 4号,78688,1109,0,9,正面,2023-07-01
C0904,视频号,直播切片,国货之光，支持国产就是好 25号,2937,154,4,11,中性,2023-05-29
C0905,抖音,图文笔记,这款新品太好用了，用完皮肤水嫩嫩 83号,6036,370,0,10,中性,2023-01-24
C0906,视频号,短视频,无限回购的一款产品，强烈推荐 21号,116613,7838,250,13,负面,2023-07-11
C0907,抖音,直播切片,用了一周，效果真的惊艳到我了 6号,5118,117,0,11,负面,2023-08-04
C0908,小红书,短视频,这款新品太好用了，用完皮肤水嫩嫩 78号,19283,779,36,6,正面,2023-12-20
C0909,小红书,图文笔记,这款新品太好用了，用完皮肤水嫩嫩 37号,31216,2837,51,11,负面,2023-11-23
C0910,视频号,短视频,无限回购的一款产品，强烈推荐 87号,142971,10979,120,7,负面,2023-09-27
C0911,抖音,图文笔记,这款新品太好用了，用完皮肤水嫩嫩 39号,16607,441,17,4,中性,2023-03-27
C0912,抖音,直播切片,用了一周，效果真的惊艳到我了 15号,34078,988,10,19,正面,2023-01-28
C0913,抖音,直播切片,家人们谁懂啊，这个也太好用了 19号,101880,2926,104,5,中性,2023-06-21
C0914,抖音,短视频,家人们谁懂啊，这个也太好用了 43号,100833,7218,37,9,中性,2023-05-30
C0915,抖音,图文笔记,无限回购的一款产品，强烈推荐 33号,132295,9622,372,6,负面,2023-04-02
C0916,抖音,图文笔记,用了一周，效果真的惊艳到我了 37号,46429,2825,15,12,正面,2023-06-14
C0917,小红书,短视频,终于找到适合敏感肌的护肤品了 39号,32036,1894,37,3,负面,2023-12-22
C0918,视频号,短视频,实测这款产品真的有效，推荐给大家 100号,9240,501,16,11,中性,2023-02-12
C0919,小红书,直播切片,家人们谁懂啊，这个也太好用了 65号,51828,2979,37,13,负面,2023-01-21
C0920,视频号,直播切片,国货之光，支持国产就是好 19号,2246,154,6,16,负面,2023-06-20
C0921,小红书,短视频,这款新品太好用了，用完皮肤水嫩嫩 63号,12485,606,7,3,正面,2023-10-07
C0922,视频号,直播切片,用了一周，效果真的惊艳到我了 3号,34448,1236,63,6,负面,2023-11-28
C0923,抖音,直播切片,这款新品太好用了，用完皮肤水嫩嫩 86号,8803,391,6,8,中性,2023-02-10
C0924,抖音,图文笔记,双十一必买清单，错过等一年 90号,153382,9022,150,7,负面,2023-02-10
C0925,视频号,短视频,双十一必买清单，错过等一年 97号,58220,1469,59,13,负面,2023-05-26
C0926,小红书,短视频,性价比之王，学生党闭眼入 15号,214041,14777,727,9,正面,2023-11-19
C0927,小红书,直播切片,实测这款产品真的有效，推荐给大家 18号,421099,21482,412,7,负面,2023-03-17
C0928,小红书,直播切片,用了一周，效果真的惊艳到我了 60号,8694,749,26,7,负面,2023-08-18
C0929,抖音,短视频,无限回购的一款产品，强烈推荐 72号,29076,706,25,8,负面,2023-01-20
C0930,小红书,直播切片,双十一必买清单，错过等一年 78号,8852,325,7,10,负面,2023-07-08
C0931,小红书,短视频,用了一周，效果真的惊艳到我了 17号,7002,291,9,11,负面,2023-07-04
C0932,视频号,直播切片,家人们谁懂啊，这个也太好用了 19号,324357,14279,858,11,中性,2023-06-16
C0933,视频号,直播切片,双十一必买清单，错过等一年 90号,4451,245,4,13,正面,2023-08-02
C0934,小红书,图文笔记,双十一必买清单，错过等一年 100号,76513,2956,112,14,负面,2023-10-12
C0935,抖音,短视频,无限回购的一款产品，强烈推荐 84号,152868,14013,580,6,负面,2023-08-23
C0936,抖音,图文笔记,用了一周，效果真的惊艳到我了 78号,8942,269,9,16,中性,2023-06-16
C0937,抖音,短视频,实测这款产品真的有效，推荐给大家 18号,165198,7194,88,6,正面,2023-06-18
C0938,小红书,图文笔记,终于找到适合敏感肌的护肤品了 14号,1215,66,3,11,负面,2023-05-23
C0939,视频号,图文笔记,这款新品太好用了，用完皮肤水嫩嫩 35号,9071,733,13,10,中性,2023-12-16
C0940,小红书,直播切片,性价比之王，学生党闭眼入 63号,8036,509,12,10,中性,2023-06-16
C0941,小红书,短视频,家人们谁懂啊，这个也太好用了 80号,8044,139,3,15,正面,2023-05-28
C0942,抖音,直播切片,实测这款产品真的有效，推荐给大家 83号,6275,292,7,14,负面,2023-03-16
C0943,小红书,短视频,这款新品太好用了，用完皮肤水嫩嫩 50号,174002,7620,416,5,负面,2023-09-04
C0944,小红书,图文笔记,用了一周，效果真的惊艳到我了 94号,6217,221,5,7,中性,2023-11-18
C0945,视频号,短视频,双十一必买清单，错过等一年 11号,751053,34938,1750,10,正面,2023-09-30
C0946,抖音,短视频,终于找到适合敏感肌的护肤品了 35号,3813,313,2,9,负面,2023-11-05
C0947,抖音,短视频,终于找到适合敏感肌的护肤品了 50号,10198,1100,35,6,中性,2023-11-23
C0948,小红书,短视频,双十一必买清单，错过等一年 70号,66863,1989,37,6,中性,2023-06-16
C0949,视频号,直播切片,双十一必买清单，错过等一年 60号,9995,514,19,9,负面,2023-08-09
C0950,抖音,直播切片,这款新品太好用了，用完皮肤水嫩嫩 61号,3171,97,1,11,负面,2023-05-26
C0951,小红书,图文笔记,双十一必买清单，错过等一年 29号,545211,11368,541,14,正面,2023-04-14
C0952,抖音,直播切片,终于找到适合敏感肌的护肤品了 45号,8797,424,18,13,中性,2023-03-16
C0953,视频号,短视频,双十一必买清单，错过等一年 25号,33188,2506,131,7,中性,2023-01-07
C0954,小红书,图文笔记,国货之光，支持国产就是好 18号,15168,1321,26,12,负面,2023-01-13
C0955,视频号,直播切片,无限回购的一款产品，强烈推荐 48号,16633,815,7,11,负面,2023-08-29
C0956,小红书,短视频,双十一必买清单，错过等一年 90号,225324,10656,649,18,负面,2023-03-24
C0957,视频号,直播切片,双十一必买清单，错过等一年 31号,34053,1930,64,6,负面,2023-04-24
C0958,抖音,直播切片,用了一周，效果真的惊艳到我了 60号,8561,437,3,7,负面,2023-02-14
C0959,小红书,短视频,无限回购的一款产品，强烈推荐 47号,89069,3067,121,10,负面,2023-04-24
C0960,抖音,图文笔记,实测这款产品真的有效，推荐给大家 48号,223889,11417,373,4,正面,2023-04-17
C0961,抖音,直播切片,家人们谁懂啊，这个也太好用了 97号,64861,2440,174,6,正面,2023-10-22
C0962,视频号,图文笔记,用了一周，效果真的惊艳到我了 37号,13390,491,19,10,中性,2023-10-07
C0963,抖音,直播切片,终于找到适合敏感肌的护肤品了 65号,18864,901,59,7,中性,2023-08-31
C0964,抖音,短视频,实测这款产品真的有效，推荐给大家 48号,2309,183,8,10,中性,2023-04-21
C0965,抖音,图文笔记,这款新品太好用了，用完皮肤水嫩嫩 41号,17769,520,28,14,正面,2023-05-08
C0966,视频号,直播切片,这款新品太好用了，用完皮肤水嫩嫩 100号,11025,260,2,8,负面,2023-03-29
C0967,小红书,图文笔记,无限回购的一款产品，强烈推荐 20号,71234,3566,117,8,中性,2023-07-25
C0968,小红书,短视频,无限回购的一款产品，强烈推荐 31号,18969,1525,22,8,中性,2023-04-13
C0969,抖音,短视频,双十一必买清单，错过等一年 53号,27225,1230,99,8,正面,2023-10-10
C0970,视频号,短视频,国货之光，支持国产就是好 63号,6169,516,22,14,正面,2023-12-10
C0971,抖音,短视频,双十一必买清单，错过等一年 2号,52563,3505,135,4,负面,2023-04-07
C0972,抖音,直播切片,终于找到适合敏感肌的护肤品了 11号,10263,467,31,8,正面,2023-02-03
C0973,抖音,短视频,无限回购的一款产品，强烈推荐 60号,45213,3433,141,10,中性,2023-08-31
C0974,抖音,直播切片,无限回购的一款产品，强烈推荐 48号,154442,10432,292,9,中性,2023-12-26
C0975,小红书,图文笔记,无限回购的一款产品，强烈推荐 82号,27044,746,23,9,中性,2023-09-08
C0976,视频号,短视频,终于找到适合敏感肌的护肤品了 90号,117093,7637,231,9,正面,2023-08-22
C0977,抖音,短视频,家人们谁懂啊，这个也太好用了 14号,132996,7712,250,10,正面,2023-04-03
C0978,视频号,短视频,性价比之王，学生党闭眼入 74号,139956,652,20,9,中性,2023-11-23
C0979,抖音,图文笔记,双十一必买清单，错过等一年 50号,16658,754,24,16,负面,2023-05-22
C0980,视频号,直播切片,终于找到适合敏感肌的护肤品了 15号,15098,1336,111,7,正面,2023-04-14
C0981,抖音,图文笔记,熬夜党救星，再也不怕黑眼圈了 10号,15829,539,18,10,正面,2023-06-13
C0982,视频号,直播切片,国货之光，支持国产就是好 68号,25465,920,0,13,正面,2023-11-26
C0983,视频号,短视频,这款新品太好用了，用完皮肤水嫩嫩 17号,8943,504,9,17,中性,2023-04-01
C0984,小红书,短视频,家人们谁懂啊，这个也太好用了 82号,15164,397,15,13,正面,2023-03-13
C0985,抖音,图文笔记,这款新品太好用了，用完皮肤水嫩嫩 87号,92851,7783,198,12,中性,2023-12-21
C0986,抖音,图文笔记,实测这款产品真的有效，推荐给大家 33号,30222,2460,54,9,中性,2023-10-09
C0987,小红书,图文笔记,双十一必买清单，错过等一年 38号,27256,1620,34,9,中性,2023-09-19
C0988,抖音,短视频,双十一必买清单，错过等一年 26号,6247,318,15,10,负面,2023-10-03
C0989,小红书,短视频,熬夜党救星，再也不怕黑眼圈了 60号,6313,207,7,13,正面,2023-04-28
C0990,抖音,短视频,国货之光，支持国产就是好 58号,121381,4025,363,11,正面,2023-08-27
C0991,小红书,短视频,性价比之王，学生党闭眼入 64号,2252,101,4,11,中性,2023-08-27
C0992,小红书,图文笔记,性价比之王，学生党闭眼入 2号,33244,1489,49,5,正面,2023-04-09
C0993,抖音,图文笔记,用了一周，效果真的惊艳到我了 83号,92333,5997,213,7,中性,2023-12-22
C0994,抖音,短视频,双十一必买清单，错过等一年 21号,304,24,0,6,中性,2023-03-16
C0995,视频号,短视频,用了一周，效果真的惊艳到我了 98号,14491,780,38,8,负面,2023-11-02
C0996,视频号,图文笔记,家人们谁懂啊，这个也太好用了 9号,13490,871,30,5,正面,2023-12-04
C0997,小红书,短视频,双十一必买清单，错过等一年 36号,16848,649,30,9,正面,2023-05-04
C0998,抖音,图文笔记,国货之光，支持国产就是好 55号,22957,315,11,12,负面,2023-12-31
C0999,抖音,短视频,终于找到适合敏感肌的护肤品了 45号,66682,4858,129,4,负面,2023-08-17
C1000,视频号,短视频,这款新品太好用了，用完皮肤水嫩嫩 2号,99194,3954,171,13,负面,2023-04-07
